CREATE DATABASE  IF NOT EXISTS `eam_2016` /*!40100 DEFAULT CHARACTER SET utf8 */;
USE `eam_2016`;
-- MySQL dump 10.13  Distrib 5.7.9, for Win64 (x86_64)
--
-- Host: 127.0.0.1    Database: eam_2016
-- ------------------------------------------------------
-- Server version	5.7.10-log

/*!40101 SET @OLD_CHARACTER_SET_CLIENT=@@CHARACTER_SET_CLIENT */;
/*!40101 SET @OLD_CHARACTER_SET_RESULTS=@@CHARACTER_SET_RESULTS */;
/*!40101 SET @OLD_COLLATION_CONNECTION=@@COLLATION_CONNECTION */;
/*!40101 SET NAMES utf8 */;
/*!40103 SET @OLD_TIME_ZONE=@@TIME_ZONE */;
/*!40103 SET TIME_ZONE='+00:00' */;
/*!40014 SET @OLD_UNIQUE_CHECKS=@@UNIQUE_CHECKS, UNIQUE_CHECKS=0 */;
/*!40014 SET @OLD_FOREIGN_KEY_CHECKS=@@FOREIGN_KEY_CHECKS, FOREIGN_KEY_CHECKS=0 */;
/*!40101 SET @OLD_SQL_MODE=@@SQL_MODE, SQL_MODE='NO_AUTO_VALUE_ON_ZERO' */;
/*!40111 SET @OLD_SQL_NOTES=@@SQL_NOTES, SQL_NOTES=0 */;

--
-- Table structure for table `cardapplications`
--

DROP TABLE IF EXISTS `cardapplications`;
/*!40101 SET @saved_cs_client     = @@character_set_client */;
/*!40101 SET character_set_client = utf8 */;
CREATE TABLE `cardapplications` (
  `Id` int(11) NOT NULL AUTO_INCREMENT,
  `Name` varchar(45) NOT NULL,
  `Surname` varchar(45) NOT NULL,
  `Birthday` varchar(10) NOT NULL,
  `RegistrationNumber` varchar(45) NOT NULL,
  `Image` blob,
  `Department` int(11) NOT NULL,
  PRIMARY KEY (`Id`),
  KEY `fk_CardApplications_UoaDepartments1` (`Department`),
  CONSTRAINT `fk_CardApplications_UoaDepartments1` FOREIGN KEY (`Department`) REFERENCES `uoadepartments` (`Id`) ON DELETE NO ACTION ON UPDATE NO ACTION
) ENGINE=InnoDB AUTO_INCREMENT=2 DEFAULT CHARSET=utf8;
/*!40101 SET character_set_client = @saved_cs_client */;

--
-- Dumping data for table `cardapplications`
--

LOCK TABLES `cardapplications` WRITE;
/*!40000 ALTER TABLE `cardapplications` DISABLE KEYS */;
INSERT INTO `cardapplications` VALUES (1,'Κυριάκος','Τερερές','3/3/1996','143524847','\\\0JFIF\0\0\0\0\0\0\\0C\0!!%#!(2S62..2fIM<Syj}wjtrrt㨵\\\\ց\\\\\\\\0C#%%2,2b66bΉt\\\\\\\\\\\\\\\\\\\\\\\\\\\\\\\\\\\\\\\\\\\\\\\\\\\0\0\;\"\0\\0\Z\0\0\0\0\0\0\0\0\0\0\0\0\0\0\\01\0\0\0\0\0\0!1AQ\"2a#BqR3bCr\\0\0\0\0\0\0\0\0\0\0\0\0\0\0\\0\0\0\0\0\0\0\0\0\0\0!1Q\\0\0\0?\0\\%\\0\ZA*\ВV\54fB\Lț\\0I.\rj,̫K	W]Q0>严Z=\SO\<Iw-d\r\Vxh\nAY_tM\Z2\c\_\ol\=u\\\\$w<\mp\EX6]\g!Z<?#Q\laRa&\2\IQB\ne\nb7yE1\2\0Tch#}EU\\Od?&G9ʭin.iiIU\)/L>M\XZ:5j\\Xޣ4\\\r.\\(Ϙ!O\t:1q\\o?,\k\\C4\\ZBK=C\A\\ڷ%Zjr\x}	\KL5!ٟ\~\$&~%\]sl׏	?\T\\)\\ZP\\=!\'\ƨ\D\\?[W,\F\j8V\iEj\gu\}&\S+PO{Y-X|Syy\*FH\*]C~X)\\ZM>뙮]\G\\/tS\h\\\wa>\'aѫ	q$\:ZhF5U\\xU͙tvs\\\	r\4k ץ>&\\\\\"B\ܻɟd\>*\ԬX\,\\0\\\\\D.@ofՃ.\8/j*G3hEXP\|\0DR\[\'ԫ)&Ur\E\L\ͮ\r\%d\I߂-\"*p\\g.\"\O+-\E\&H\t_iXc\pO1.*˳95\I\\\Vt<qr	\r5\]\\\\\(%VK\0bu\ \ZUX).BV˖JK%0j!W}PJz\\\;z\mX	I>\k\Ǚ\\\O\\l\N2e\\v.\2\n\2乶$b\Pv\\k\ܝå\\E.F\\\j 1p$\EV\Sr\\Uy\e\\x\0\\%1Wy\"WC(\u%dF0\:)\pn\\PJ\\\$gW|\*\j\gQO2\I>t \%W\&@5%\L\= \1_\t\]\Zhӭ\2\QQJNJ1f[1\\N=ZtӸT\\v5kȖHKgg\:s3\04Hԥ2XWe\s\4]5Bd1҃H0\:0&p\\\\0B\	*R\\1J\\ʰ@\\`\\\f\nS]\ñ6޿#\+Ⱥ\.t\\\\ײ)`.3΄b%bA\wo=IJ.+=Lf\sZ\59NX:44;aM+6s\\\V\|P؁4\jArT.\\D@ǭ\Rk=5E\j_R\'Nɠ\$\7:\\9U/p\T\6Z\n=\7rO驾b5>\%4ʫ\\ZB+\a܊M^к\V\w\Z2},n\/L0zF\Rk-UTm \)\\\qx	&eWގOd)M\\\E\\ra\R8\:M^՟2E\\Lk\\\VkU_E\0\x\:Vl\w\+uXq\\{_Ǧ7\\\\\\Nhl\\7yq\suU\^\fj\\]\n.sh\̪v\\ZX\\pJ\\V]\WF\­inDOM\\V$\f22x9;h\[N*/;Q&\\x+\n\SڲA\mN\ 6Ӵ#\ק;6պƹOWM^N\=k߲|3E-Dռ߻zu-4\Ǩ\J7\άtrh\QiʁF\%9\U\\"QIXUr.\4Q&\&kd\i\?(\\\kw\,\nՒ]\rt_ӉKԓd[w`d_@\\[Qd#\\b8-҉^R\\~[\\Il\@;M\;&0s|\\\\u#do]\\U\2xT,#\\j9u\?dP\'n*Qw\'M\V\)Qx\(i/{\\CMhgZ~BTxg\UؽD\\rWX\J\\Iܒj;\]c!\Z]_1\V\Z\0<l-\0kJ\L\Q\Z֡\(7WʱOS\\\\ADYX>^\\F\0DzN6}\&S\wDܻ:6Fi2n\\~Jui\\\\aH/lk.@\\SQ#G4\\woX\,3v9.\\>M\Z:w\'\-n \n\r4\\._\0\V`b\\pLvu]M\r%N\-\f\vz	\\hsNrV~8ŵQ\l//\K\g\]%/\\M+r\\ɹ\Z^Q\0\W(6\C|UE\)\\\H٤	Gk\KW(3s\fʍ\\\ZƔ\i\nT[ܒ\9.uDUU9\\=\\T.rrro\g\E\|qУV3[Ӹ\::>\\_K5b&[;sN>ߺV9\:\&\\\0\\ܱ\\@\% gܙ\Y\0]K\Z.v(5j\'\\rmWN\0K\A\8E\\"}&\\*vF\E\qْPJ\.\\m\[U\~^7\Z\0N)v(dД#S\pT_\njR[w/\\ִ|Xȱ	R*\Z\0\XLJcT\\ 0=t۴\Z\Y]Ž\/\G\M\\\uu\\ӕyI9Cja1Yk\\Ts<CY\ZTi\'a\tRO8>bvb[	\Zx9c\,)\0Fњ\\\_\:ZSMF,w\'kv[(\'\\')@\˂\$i@vȍ5\@.Z\0@rKz/d\hSeQʭ^\\\M83wQ%)Cu\?\ԫQ\&S\7\\\QYHL2\2W|4\\(\Y\\%vf}*\\ԕ- %+r\\4St\,MRa&*2Et\\\Y`G\\f5By͔9];<\\غ\\[\$9MǠ\\-+R8,5\rv#4L\&7\\>\nB!D:2\RkK9\JVuBVJ}lb\k\ى}m\\e{չ}nl\rE\\ZU\ɣ0Q(mj3i[DA\mt\\\drQ\'& \\5\nB\K\N\\ߺ\kg:2j\\ԧ\\qR\"\\u\j$^\g6\d,Ex\7\H{ \\`NJf\&\U0xW2So6S\7&\[\\mb,(\\u4\\4\mص\\\Zkr\GwH\\v)\zP*+]W64\gR\\\\a\FAk礝H09\}\7>\XuQ\X\]\\S~l.s\KS*3j?\\"~\k3p\\c}m\t\r\BN`\2#Hdx#Y4\iaK\R\0\\r,te\\\\֤)1h\\L%+??0Sp \\5\^b\s*\lh\'x\郄\|3LaJ\KIv1j\Z\X⫿M\rj6n\0ܭR{\Z\\\SmL#\bZ_SɶvD߈ܣ5ZinN\5sK\\Z`\U)B\Z#ԉf\*)\rB#L\N.0\\nbWVyLEG2]\ԗN\\\\w$\}R\\\Vkp\n\\tȍr\@gԫۡ5\XB	1\\0q\'\\	\M\)B% \=Jpʦ0\wy)A\'\mÌ\ۜH\\,4\U0\E\Kk\0!\\\Ks.!՗<\r-\M3h]h\6\ZT\k,4*,li	ヤ\\\'kdI-,\"X;\V\Z(H϶\EDE2!\2&	A\"\`\\\n_\mZ,\\dK2U\Ղxܾ,ʰ/d78\)\\}\s{5*S\\\\rj3\4A^ELUf>\jB\%0\\\02\"ٸ\\rM\CՉA񼎣dR\0]\\vU:+\nR)ȃ\Ƞ\+%v#GEVq%B\$zjt\mii\\\U\v0\iq#7$1k,%\"⬊,Y\0LA\eQ-p\@:cIFF!mwq4<r 5#\"{BDZYu8t$\A%Zi?\M}%*\\\#\EQ\\E]۩MK\\U:\Vڐqk=(2f$%\Ou	NjK\\\I\\R*1ոBY\I]/,y6)`E?HPL\`\4%]Yrw:W?\͗\lAz#,\(\@QSBjA7+ÀB.\M\\\"\0v%d\R2\&\Zh *\\"䏂.J,UI^CLՈB24.\D=\\\D)dH K\0W\ҽzj߹\\l)+5tK4-W\ ׬R#fb\Z\RfHRv\\',6);
/*!40000 ALTER TABLE `cardapplications` ENABLE KEYS */;
UNLOCK TABLES;

--
-- Table structure for table `connectioninfo`
--

DROP TABLE IF EXISTS `connectioninfo`;
/*!40101 SET @saved_cs_client     = @@character_set_client */;
/*!40101 SET character_set_client = utf8 */;
CREATE TABLE `connectioninfo` (
  `Users_Id` int(11) NOT NULL,
  `Username` varchar(45) NOT NULL,
  `Password` varchar(45) NOT NULL,
  KEY `fk_ConnectionInfo_Users1` (`Users_Id`),
  CONSTRAINT `fk_ConnectionInfo_Users1` FOREIGN KEY (`Users_Id`) REFERENCES `users` (`Id`) ON DELETE NO ACTION ON UPDATE NO ACTION
) ENGINE=InnoDB DEFAULT CHARSET=utf8;
/*!40101 SET character_set_client = @saved_cs_client */;

--
-- Dumping data for table `connectioninfo`
--

LOCK TABLES `connectioninfo` WRITE;
/*!40000 ALTER TABLE `connectioninfo` DISABLE KEYS */;
INSERT INTO `connectioninfo` VALUES (1,'admin','admin'),(2,'sdi1100132','admin');
/*!40000 ALTER TABLE `connectioninfo` ENABLE KEYS */;
UNLOCK TABLES;

--
-- Table structure for table `contents`
--

DROP TABLE IF EXISTS `contents`;
/*!40101 SET @saved_cs_client     = @@character_set_client */;
/*!40101 SET character_set_client = utf8 */;
CREATE TABLE `contents` (
  `Id` int(11) NOT NULL AUTO_INCREMENT,
  `Info` mediumtext,
  `Books` mediumtext,
  `Magazines` mediumtext,
  `Rest` mediumtext,
  PRIMARY KEY (`Id`)
) ENGINE=InnoDB AUTO_INCREMENT=8 DEFAULT CHARSET=utf8;
/*!40101 SET character_set_client = @saved_cs_client */;

--
-- Dumping data for table `contents`
--

LOCK TABLES `contents` WRITE;
/*!40000 ALTER TABLE `contents` DISABLE KEYS */;
INSERT INTO `contents` VALUES (1,'Αγγλική Λογοτεχνία & Πολιτισμός,  Αμερικανική Λογοτεχνία & Πολιτισμός,  Αγγλική Γλώσσα & Γλωσσολογία, Μετάφραση - Μεταφρασεολογία. Για περισσότερες πληροφορίες ανατρέξτε στην νέα μας ιστοσελίδα: http://health.lib.uoa.gr ','38.000 τεκμήρια','242 τίτλοι','Το οπτικοακουστικό υλικό της βιβλιοθήκης μεταφέρθηκε στο εργαστήριο του Τμήματος στην αίθουσα 723.'),(2,'Γαλλική Γλώσσα - Γαλλική Φιλολογία - Γαλλικός Πολιτισμός','Γαλλική Λογοτεχνία, Γαλλικός Πολιτισμός, Ιστορία, Γαλλική Γλώσσα και Γλωσσολογία, Εγκυκλοπαίδειες, Λεξικά','Επιστημονικά: Λογοτεχνικά, Πολιτικά, Γλωσσολογικά. Περιοδικά με σύγχρονα θέματα, Περιοδικά για νέους','Για υποστήριξη των διδασκομένων μαθημάτων : Κασέτες, βιντεοκασέτες, slides, cd\'s, χάρτες.'),(3,'Ιατρική, Νοσηλευτική, Οδοντιατρική και άλλες σχετικές επιστήμες όπως Ανατομία, Φυσιολογία, Βιοχημεία, Φαρμακολογία, Μικροβιολογία, Ανοσολογία, Παρασιτολογία, Κλινική Παθολογία, Παθολογική Ανατομία.','Η Βιβλιοθήκη διαθέτει  ελληνικά και ξενόγλωσσα βιβλία η ταξιθέτηση και η θεματική επεξεργασία των οποίων γίνεται σύμφωνα με το ταξινομικό σύστημα  και τις θεματικές επικεφαλίδες της National Library of Medicine της Αμερικής αντίστοιχα.','Η συλλογή των περιοδικών αποτελείται απο 279 τίτλους οι οποίοι είναι ταξιθετημένη αλφαβητικά  κατά τίτλο. Ενώ, σημαντικός αριθμός ηλεκτρονικών περιοδικών διατίθεται μέσω της HEAL-Link. ','Η συλλογή των περιοδικών αποτελείται απο 279 τίτλους οι οποίοι είναι ταξιθετημένη αλφαβητικά  κατά τίτλο. Ενώ, σημαντικός αριθμός ηλεκτρονικών περιοδικών διατίθεται μέσω της HEAL-Link. \n\nΤο μεγαλύτερο μέρος της συλλογής της Βιβλιοθήκης Επιστημών Υγείας έχει καταχωριστεί στο HORIZON και είναι προσβάσιμο, απο οποιοδήποτε έχει πρόσβαση στο διαδίκτυο,  μέσω του OPAC στην ιστοσελίδα του Πανεπιστημίου Αθηνών , διεύθυνση : http://www.lib.uoa.gr. Επιπλέον, περιλαμβάνονται διδακτορικές διατριβές, καθώς και άτλαντες σε μορφή CD-ROMS.'),(4,'Παιδαγωγικά - Ψυχολογία - Κοινωνιολογία - Λογοτεχνία - Ιστορία - Εγκυκλοπαίδειες - Παιδικά βιβλία','85 τόμοι','128 τίτλοι','Το οπτικοακουστικό υλικό της βιβλιοθήκης μεταφέρθηκε στο εργαστήριο του Τμήματος στην αίθουσα 723.'),(5,'Η συλλογή των βιβλίων του Τμήματος Πληροφορικής και Τηλεπικοινωνιών έχει μεταφερθεί στη Βιβλιοθήκη της Σχολής Θετικών Επιστημών.Η συλλογή του Αναγνωστηρίου περιλαμβάνει μόνο τα απαραίτητα βιβλία για τη διδασκαλία των προπτυχιακών και μεταπτυχιακών μαθημάτων. ','Περίπου 500 Τόμοι','Η πρόσβαση στους 160 τίτλους επιστημονικών περιοδικών με περισσότερα από 10.000 τεύχη, είναι εφικτή μόνο από την Κεντρική Βιβλιοθήκη της Σχολής Θετικών Επιστημών. Όλες οι συνδρομές των περιοδικών είναι πλέον σε ψηφιακή  μορφή.','Κατάθεση πτυχιακών εργασιών, μεταπτυχιακών διπλωματικών εργασιών, και διδακτορικών διατριβών που εκπονήθηκαν στο Τμήμα Πληροφορικής και Τηλεπικοινωνιών.'),(6,'Στη συλλογή της  Βιβλιοθήκης περιλαμβάνεται ελληνικό και ξενόγλωσσο υλικό  που καλύπτει κυρίως τον κλάδο του Αστικού δικαίου αλλα και αλλους τομείς του Ιδιωτικού δικαίου.  Γενικές αρχές, Εμπράγματο δίκαιο, Ενοχικό δίκαιο, Οικογενειακό δίκαιο, Κληρονομικό δίκαιο  και Δίκαιο  πνευματικής ιδιοκτησίας συνιστούν το κυριώτερο μέρος της συλλογής,  ενώ τα τελευταία χρόνια αναπτύσσονται και συλλογές σχετικές με το Δίκαιο περιβάλλοντος, το Ιατρικό δίκαιο, το Αθλητικό δίκαιο, το Δίκαιο πληροφορικής, και το Τραπεζικό δίκαιο και η μικρή συλλογή \"Δίκαιο και Λογοτεχνία\"','Η συλλογή αποτελείται περίπου από 20.000 τίτλους μονογραφιών, (27.000 τόμοι περίπου) που χρονολογούνται από το 18ο αιώνα έως και σήμερα.   Εκτός από τις συλλογές ανοιχτής πρόσβασης που αφορούν μονογραφίες, περιοδικές εκδόσεις, τιμητικούς τόμους , διδακτορικές διατριβές κ.λπ. υπάρχουν και δύο συλλογές κλειστής πρόσβασης: η συλλογή της βιβλιοθήκης του καθηγητή  Ι. Μ. Σόντη και η συλλογή σπάνιου υλικού.   Ολο το υλικό εχει επεξεργαστεί σύμφωνα με τα διεθνή βιβλιοθηκονομικά προτυπα επεξεργασίας νομικών βιβλιοθηκών και είναι καταχωρισμένο στον ηλεκτρονικό κατάλογο των Βιβλιοθηκών.','Η συλλογή  περιλαμβάνει περίπου 160 τίτλους νομικών περιοδικών οι οποίοι καλύπτουν ολους τους τομείς του δικαίου. Επιπλέον μέσω της υπηρεσίας των  Ηλεκτρονικών Περιοδικών, και συγκεκριμένα μέσω της Νομικής Βιβλιοθήκης παρέχεται δυνατότητα πρόσβασης στην ψηφιακή μορφή νομικών περιοδικών,  στα οποία είτε είναι συνδρομητής η βιβλιοθήκη είτε καλύπτονται μέσω συμφωνιών  της κοινοπραξίας ελληνικών ακαδημαικών βιβλιοθηκών είτε βρίσκονται ελεύθερα στο διαδίκτυο.','Στη Βιβλιοθήκη τα τελευταία χρόνια τηρείται το αρχείο διδακτορικών διατριβών του Νομικού Τμήματος και της Νομικής Σχολής και δημιουργείται η ψηφιακή βιβλιοθήκη διπλωματικών εργασιών των φοιτητών του Προγράμματος Μεταπτυχιακών Σπουδών Αστικού Δικαίου.'),(7,'Δημόσιο δίκαιο, Συνταγματικό δίκαιο, Διοικητικό δίκαιο, Δημοσιοϋπαλληλικό δίκαιο, Φορολογικό δίκαιο, Περιβαλλοντικό δίκαιο','Η συλλογή περιλαμβάνει ελληνικά βιβλία αλλά και ξενόγλωσσα (γαλλικά, γερμανικά, αγγλικά, ισπανικά και ιταλικά)','Ενδεικτικά αναφέρονται: Το Σύνταγμα, Επιθεώρηση Δημοσίου και Διοικητικού Δικαίου, Θεωρία και Πράξις Δημόσιου και Διοικητικού Δικαίου, Δικαιώματα του Ανθρώπου, Εφαρμογές Δημοσίου Δικαίου, Εφημερίδα Διοικητικού Δικαίου, AJDA, rfda, HRLR',NULL);
/*!40000 ALTER TABLE `contents` ENABLE KEYS */;
UNLOCK TABLES;

--
-- Table structure for table `generalinfo`
--

DROP TABLE IF EXISTS `generalinfo`;
/*!40101 SET @saved_cs_client     = @@character_set_client */;
/*!40101 SET character_set_client = utf8 */;
CREATE TABLE `generalinfo` (
  `Id` int(11) NOT NULL AUTO_INCREMENT,
  `Address` mediumtext NOT NULL,
  `ZipCode` varchar(5) NOT NULL,
  `PosX` double NOT NULL,
  `PosY` double NOT NULL,
  `Tel` varchar(20) DEFAULT NULL,
  `FAX` varchar(20) DEFAULT NULL,
  `Email` varchar(45) DEFAULT NULL,
  `History` mediumtext,
  `WorkHoursWinter` text,
  `WorkHoursSummer` text,
  `Notes` text,
  PRIMARY KEY (`Id`)
) ENGINE=InnoDB AUTO_INCREMENT=8 DEFAULT CHARSET=utf8;
/*!40101 SET character_set_client = @saved_cs_client */;

--
-- Dumping data for table `generalinfo`
--

LOCK TABLES `generalinfo` WRITE;
/*!40000 ALTER TABLE `generalinfo` DISABLE KEYS */;
INSERT INTO `generalinfo` VALUES (1,' Κτήριο Φιλοσοφικής Σχολής, 9ος όροφος, κυψέλη 929, Παν/πολη Ζωγράφου ','15703',37.96905,23.780372,'210 727 7949 ','210 727 7951','aggliki@di.uoa.gr','Η Βιβλιοθήκη πρωτολειτούργησε το 1954, όταν ιδρύθηκε το Τμήμα, όμως με πτυχιούχο βιβλιοθηκονόμο άρχισε να οργανώνεται από το 1984, ενώ το 1987 μεταφέρθηκε στο νεόδμητο κτήριο της Φιλοσοφικής Σχολής στην Πανεπιστημιούπολη του Δήμου Ζωγράφου.','Δευτέρα-Πέμπτη 9:00-18:00, Παρασκευή 9:00-15:00','Δευτέρα-Παρασκευή 9:00-15:00',NULL),(2,' Εθνικό και Καποδιστριακό Πανεπιστήμιο Αθηνών - Κτήριο Φιλοσοφικής Σχολής - 9ος όροφος -Σπουδαστήριο Γαλλικής Γλώσσας και Φιλολογίας (κυψέλη 928) Πανεπιστημιόπολη -  Ζωγράφου','15784',37.96905,23.780372,'210 7277939','210 7248979','galliki@lib.uoa.gr',NULL,'Δευτέρα - Παρασκευή 9:00-17:00','Δευτέρα - Παρασκευή 9:00-17:00','Αλλαγές ωραρίου κατά την εξεταστική περίοδο, την περίοδο εορτών και κατά την περίοδο των καλοκαιρινών μηνών σύμφωνα με σχετική ανακοίνωση στην είσοδο της Βιβλιοθήκης. '),(3,'Μικράς Ασίας και Δήλου 1 , Γουδή 1ος όροφος ','11527',37.983698,23.766082,'210  7461400 ','210 7461459','epistigias@ lib.uoa.gr','Η Βιβλιοθήκη Επιστημών Υγείας λειτούργησε τον Ιανουάριο του 1997 και στεγάζεται σε ένα μοντέρνο κτίριο απέναντι από την Ιατρική Σχολή Αθηνών.','Δευτέρα - Παρασκευή 08:30 - 20:30','Δευτέρα - Παρασκευή 08:30 - 20:30',NULL),(4,'Ιπποκράτους 33 - Ημιόροφος, Αθήνα','10680',37.982887,23.735542,'210 3688384','210 3688449','prosxolagwgis@lib.uoa.gr','Η βιβλιοθήκη ξεκίνησε τη λειτουργία της το Νοέμβριο του 1995.','Δευτέρα - Παρασκευή 08:30 - 20:30','Δευτέρα - Παρασκευή 08:30 - 20:30',NULL),(5,'Τμήμα Πληροφορικής και Τηλεπικοινωνιών, Νέα Κτήρια, Πανεπιστημιούπολη, Ιλίσια','15784',37.968554,23.766981,'210 7275190','210 7275190','pliroforiki@lib.uoa.gr','Το Αναγνωστήριο  του Τμήματος Πληροφορικής και Τηλεπικοινωνιών λειτουργεί από το 1996 και υπάγεται στην \"Κεντρική Βιβλιοθήκη της Σχολής Θετικών Επιστημών\" του ΕΚΠΑ. Σκοπός της είναι η υποστήριξη του διδακτικού και ερευνητικού έργου του  Τμήματος. Από τον Οκτώβριο 2009 το μεγαλύτερο μέρος της συλλογής και όλες οι βασικές υπηρεσίες έχουν μεταφερθεί στη Βιβλιοθήκη της Σχολής Θετικών Επιστημών.','Δευτέρα-Παρασκευή 09:00-19:00, εκτός εορτών και αργιών.','Δευτέρα-Παρασκευή 09:00-19:00, εκτός εορτών και αργιών.','Κατά τον Ιούλιο, Αύγουστο, Χριστούγεννα, και Πάσχα το ωράριο διαμορφώνεται και ανακοινώνεται στη σελίδα του Αναγνωστηρίου (http://lib.di.uoa.gr)'),(6,'Ιπποκράτους 33, Αθήνα - Νομική Σχολή ','10680',37.982887,23.735542,'210 3688355','210 3688353','nomiki@lib.uoa.gr','Η Νομική Βιβλιοθήκη,  το λεγόμενο \"Νομικό Σπουδαστήριο\", αποτελεί την παλαιότερη και μεγαλύτερη Βιβλιοθήκη της Νομικής Σχολής , η οποία χρονολογείται από την Ιδρυση της  Νομικής Σχολής που μαζί με την Θεολογική, την Ιατρική και την Φιλοσοφική αποτέλεσαν τον πυρήνα του Πανεπιστημίου Αθηνών το οποίο Ιδρύθυηκε το  1837. Η συλλογή του Νομικού Σπουδαστηρίου που κάλυπτε αρχικά όλα τα γνωστικά αντικείμενα της νομικής επιστήμης,  μετά το χωρισμό των συλλογών σε επί μερους θεματικές βιβλιοθήκες/Σπουδαστηρια, σήμερα καλύπτει κυρίως το γνωστικό αντικείμενο του Αστικού Δικαίουενώ  στεγάζεται σε χώρους του 2ου, 3ου και 4ου ορόφου του κτιρίου της οδού Ιπποκράτους 33. \nΗ κύρια συλλογή,  τα αναγνωστήρια της  βιβλιοθήκης, τα γραφεία προσωπικού, εξυπηρέτησης και πληροφόρησης στεγάζονται στο 2ο όροφο. Παλιότερες εκδόσεις βιβλίων και περιοδικών είναι τοποθετημένες στην αίθουσα του ΠΜΣ Αστικού Δικαίου στον 4ο όροφο του κτιρίου. Σε αίθουσα του 3ου ορόφου βρίσκεται η κλειστή συλλογή της Βιβλιοθήκης Ι. Μ. Σόντη.','Δευτέρα - Πέμπτη 09:00 - 17:00, Παρασκευή 09:00 - 16:00 ','Δευτέρα - Πέμπτη 09:00 - 17:00, Παρασκευή 09:00 - 16:00 ','Το ωράριο λειτουργίας της Βιβλιοθήκης για το κοινό, διαμορφώνεται ανάλογα με το προσωπικό που εργάζεται σ΄ αυτή και με γνώμονα την καλύτερη εξυπηρέτηση της ακαδημαϊκής κοινότητας. '),(7,'Ιπποκράτους 33, 5ος όροφος','10680',37.982887,23.735542,'210 3688371',NULL,'dimdikaiou@lib.uoa.gr',NULL,'Δευτέρα-Πέμπτη 09:00-18:00 Παρασκευή 9:00-17:00',' Δευτέρα-Πέμπτη 09:00-18:00 Παρασκευή 9:00-17:00 ',NULL);
/*!40000 ALTER TABLE `generalinfo` ENABLE KEYS */;
UNLOCK TABLES;

--
-- Table structure for table `libraries`
--

DROP TABLE IF EXISTS `libraries`;
/*!40101 SET @saved_cs_client     = @@character_set_client */;
/*!40101 SET character_set_client = utf8 */;
CREATE TABLE `libraries` (
  `Id` int(11) NOT NULL AUTO_INCREMENT,
  `Name` varchar(100) NOT NULL,
  `Contents` int(11) NOT NULL,
  `GeneralInfo` int(11) NOT NULL,
  `Services` int(11) NOT NULL,
  `Department` int(11) NOT NULL,
  PRIMARY KEY (`Id`),
  KEY `fk_Libraries_GeneralInfo1` (`Contents`),
  KEY `fk_Libraries_GeneralIn1` (`GeneralInfo`),
  KEY `fk_Libraries_Services1` (`Services`),
  KEY `fk_Libraries_UoaDepartments1_idx` (`Department`),
  CONSTRAINT `fk_Libraries_GeneralIn1` FOREIGN KEY (`GeneralInfo`) REFERENCES `generalinfo` (`Id`) ON DELETE NO ACTION ON UPDATE NO ACTION,
  CONSTRAINT `fk_Libraries_GeneralInfo1` FOREIGN KEY (`Contents`) REFERENCES `contents` (`Id`) ON DELETE NO ACTION ON UPDATE NO ACTION,
  CONSTRAINT `fk_Libraries_Services1` FOREIGN KEY (`Services`) REFERENCES `services` (`Id`) ON DELETE NO ACTION ON UPDATE NO ACTION,
  CONSTRAINT `fk_Libraries_UoaDepartments1` FOREIGN KEY (`Department`) REFERENCES `uoadepartments` (`Id`) ON DELETE NO ACTION ON UPDATE NO ACTION
) ENGINE=InnoDB AUTO_INCREMENT=8 DEFAULT CHARSET=utf8;
/*!40101 SET character_set_client = @saved_cs_client */;

--
-- Dumping data for table `libraries`
--

LOCK TABLES `libraries` WRITE;
/*!40000 ALTER TABLE `libraries` DISABLE KEYS */;
INSERT INTO `libraries` VALUES (1,'Βιβλιοθήκη Αγγλικής Γλώσσας και Φιλολογίας',1,1,1,20),(2,'Βιβλιοθήκη Γαλλικής Γλώσσας και Φιλολογίας',2,2,2,21),(3,'Βιβλιοθήκη Επιστημών Υγείας',3,3,3,9),(4,'Βιβλιοθήκη Προσχολικής Αγωγής ',4,4,4,30),(5,'Βιβλιοθήκη Σχολής Θετικών Επιστημών - Αναγνωστήριο Πληροφορικής ',5,5,5,17),(6,'Νομική Βιβλιοθήκη ',6,6,6,33),(7,'Βιβλιοθήκη Δημοσίου Δικαίου',7,7,7,33);
/*!40000 ALTER TABLE `libraries` ENABLE KEYS */;
UNLOCK TABLES;

--
-- Table structure for table `material`
--

DROP TABLE IF EXISTS `material`;
/*!40101 SET @saved_cs_client     = @@character_set_client */;
/*!40101 SET character_set_client = utf8 */;
CREATE TABLE `material` (
  `Id` int(11) NOT NULL AUTO_INCREMENT,
  `Type` int(11) NOT NULL,
  `Library` int(11) NOT NULL,
  `Title` varchar(60) NOT NULL,
  `Isbn` varchar(30) DEFAULT NULL,
  `Issn` varchar(20) DEFAULT NULL,
  `Author` varchar(60) DEFAULT NULL,
  `Publisher` varchar(60) DEFAULT NULL,
  `Publications` varchar(45) NOT NULL,
  `Contents` text,
  `Summary` text,
  `Pages` int(11) NOT NULL,
  `Counter` int(11) NOT NULL,
  `Image` longblob,
  `PublishYear` int(11) NOT NULL,
  `Ebook` tinyint(1) DEFAULT NULL,
  PRIMARY KEY (`Id`),
  KEY `fk_Material_Type1` (`Type`),
  KEY `fk_Material_Libraries1` (`Library`),
  CONSTRAINT `fk_Material_Libraries1` FOREIGN KEY (`Library`) REFERENCES `libraries` (`Id`) ON DELETE NO ACTION ON UPDATE NO ACTION,
  CONSTRAINT `fk_Material_Type1` FOREIGN KEY (`Type`) REFERENCES `type` (`Id`) ON DELETE NO ACTION ON UPDATE NO ACTION
) ENGINE=InnoDB AUTO_INCREMENT=7 DEFAULT CHARSET=utf8;
/*!40101 SET character_set_client = @saved_cs_client */;

--
-- Dumping data for table `material`
--

LOCK TABLES `material` WRITE;
/*!40000 ALTER TABLE `material` DISABLE KEYS */;
INSERT INTO `material` VALUES (1,3,5,'Διαχείριση Έργου-Τεχνικές Σχεδιασμού και Ελέγχου','9789602182895',NULL,'Burke Rory','Εύη Τσιμαρά-Τζώρτζη','Εκδόσεις Κριτική Α.Ε.','				ΠΕΡΙΕΧΟΜΕΝΑ\n\nΠρόλογος ελληνικής έκδοσης \nΣημείωμα του επιμελητή της ελληνικής έκδοσης \nΣημείωμα του συγγραφέα\n\nΚΕΦΑΛΑΙΟ 1: Εισαγωγή στη διαχείρηση έργου\nΚΕΦΑΛΑΙΟ 2: Η ιστορία της διαχείρησης έργου\nΚΕΦΑΛΑΙΟ 3: Κύκλος ζωής έργου\nΚΕΦΑΛΑΙΟ 4: Μελέτη σκοπιμότητας\nΚΕΦΑΛΑΙΟ 5: Επιλογή έργου\nΚΕΦΑΛΑΙΟ 6: Διαδικασίες εκτίμησης έργου\nΚΕΦΑΛΑΙΟ 7: Κύκλος προγραμματισμού και ελέγχου\nΚΕΦΑΛΑΙΟ 8: Διαχείρηση του αντικειμένου εργασιών\nΚΕΦΑΛΑΙΟ 9: Δομική ανάλυση έργου\nΚΕΦΑΛΑΙΟ 10: Μέθοδος κρίσιμης διαδρομής\nΚΕΦΑΛΑΙΟ 11: Γραμμικά χρονοδιαγράμματα\nΚΕΦΑΛΑΙΟ 12: Χρονοδιάγραμμα προμηθειών\nΚΕΦΑΛΑΙΟ 13: Προγραμματισμός πόρων\nΚΕΦΑΛΑΙΟ 14: Λογιστική έργου\nΚΕΦΑΛΑΙΟ 15: Έλεγχος έργου\nΚΕΦΑΛΑΙΟ 16: Πιστοποιημένη αξία\nΚΕΦΑΛΑΙΟ 17: Διαχείρηση ποιότητας\nΚΕΦΑΛΑΙΟ 18: Διαχείρηση κινδύνου του έργου\nΚΕΦΑΛΑΙΟ 19: Επικοινωνία έργου\nΚΕΦΑΛΑΙΟ 20: Οργανωτικές δομές έργου (Οργάνωση τύπου μητρώου)\nΚΕΦΑΛΑΙΟ 21: Ομάδες έργου\nΚΕΦΑΛΑΙΟ 22: Αρχηγεσία έργου\nΚΕΦΑΛΑΙΟ 23: Διοίκηση έργου με υποστήριξη Η/Υ\nΠαράρτημα 1\nΠαράρτημα 2\nΠαράρτημα 3\nΠαράρτημα 4\nΠαράστημα 5\nΠαράρτημα 6\n\nΒιβλιογραφία\nΣυντομογραφίες\nΓλωσσάρι όρων της ελληνικής μετάφρασης','	Το βιβλίο ξεχωρίζει από τα περισσότερα βιβλία του είδους του τόσο λόγω της συγκροτημένης γνώσης στον τομέα του Project Management όσο και λόγω των τεχνικών που περιγράφει εκτενώς. Εξετάζει τις τεχνικές της διαχείρισης έργου και έχει σχεδιαστεί με τέτοιο τρόπο ώστε να σας εισάγει βήμα-βήμα στις πλέον πρόσφατες τεχνικές προγραμματισμού και ελέγχου, και ιδιαιτέρως σ” εκείνες που χρησιμοποιούνται από τα Λογισμικά προγράμματα διαχείρισης έργου και περιλαμβάνονται στον Κορμό γνώσης για τη διαχείριση έργου (PMBOK, 1996).\n	Κατά τα τελευταία 10 χρόνια, η διαχείριση έργου, ως επάγγελμα, επεκτάθηκε και εφαρμόστηκε σε ευρύ φάσμα μεγάλων και μικρών έργων. Ο κορμός γνώσης για τη διαχείριση έργου έχει αναθεωρηθεί και περιλαμβάνει πλέον 9 γνωστικές περιοχές, ενώ οι εργοδότες ενθαρρύνουν, ολοένα και περισσότερο, τα διευθυντικά τους στελέχη να αποκτήσουν επαγγελματική πιστοποίηση για τη διαχείριση έργου, προσόν συμβατό με το σύστημα διαχείρισης ποιότητας των εταιριών. Οι τεχνικές της διαχείρισης έργου χρησιμοποιούνται πλέον και εκτός των παραδοσιακών κλάδων, ενώ πολλές μεγάλες εταιρίες, στην προσπάθειά τους να διασπάσουν την εργασία τους σε μικρές και εύκολα διαχειρίσιμες μονάδες, έχουν υιοθετήσει την προσέγγιση της εργοκεντρικής διοίκησης (management-by-project). Εξάλλου, η αδιάλειπτη υποστήριξη όλων των προτεινόμενων τεχνικών διαχείρισης έργου με παραδείγματα και ασκήσεις βοηθάει τον αναγνώστη που αναζητεί συγκεκριμένες λύσεις να προχωρήσει άμεσα στην επίλυση του συγκεκριμένου προβλήματος που τον απασχολεί. \n	Επίσης, περιλαμβάνει: • Νέα κεφάλαια για τον κύκλο ζωής του έργου και τη διαχείριση κινδύνου • Πλήθος παραδειγμάτων και πρακτικές ασκήσεις • Τις πιο πρόσφατες εξελίξεις στο πεδίο προγραμμάτων πληροφορικής που αφορούν τη Διαχείριση Έργου.',528,5,'\\\0JFIF\0,,\0\0\XICC_PROFILE\0\0\0HLino\0\0mntrRGB XYZ \\0\0	\0\01\0\0acspMSFT\0\0\0\0IEC sRGB\0\0\0\0\0\0\0\0\0\0\0\0\0\0\\0\0\0\0\0\-HP  \0\0\0\0\0\0\0\0\0\0\0\0\0\0\0\0\0\0\0\0\0\0\0\0\0\0\0\0\0\0\0\0\0\0\0\0\0\0\0\0\0\0\0\0\0\0\0cprt\0\0P\0\0\03desc\0\0\0\0\0lwtpt\0\0\0\0\0bkpt\0\0\0\0\0rXYZ\0\0\0\0\0gXYZ\0\0,\0\0\0bXYZ\0\0@\0\0\0dmnd\0\0T\0\0\0pdmdd\0\0\\0\0\0vued\0\0L\0\0\0view\0\0\\0\0\0$lumi\0\0\0\0\0meas\0\0\0\0\0$tech\0\00\0\0\0rTRC\0\0<\0\0gTRC\0\0<\0\0bTRC\0\0<\0\0text\0\0\0\0Copyright (c) 1998 Hewlett-Packard Company\0\0desc\0\0\0\0\0\0\0sRGB IEC61966-2.1\0\0\0\0\0\0\0\0\0\0\0sRGB IEC61966-2.1\0\0\0\0\0\0\0\0\0\0\0\0\0\0\0\0\0\0\0\0\0\0\0\0\0\0\0\0\0\0\0\0\0\0\0\0\0\0\0\0\0\0\0\0\0\0\0\0\0\0XYZ \0\0\0\0\0\0Q\0\0\0\0\XYZ \0\0\0\0\0\0\0\0\0\0\0\0\0\0\0\0XYZ \0\0\0\0\0\0o\0\08\0\0XYZ \0\0\0\0\0\0b\0\0\0\0\XYZ \0\0\0\0\0\0$\0\0\0\0\desc\0\0\0\0\0\0\0IEC http://www.iec.ch\0\0\0\0\0\0\0\0\0\0\0IEC http://www.iec.ch\0\0\0\0\0\0\0\0\0\0\0\0\0\0\0\0\0\0\0\0\0\0\0\0\0\0\0\0\0\0\0\0\0\0\0\0\0\0\0\0\0\0\0\0\0\0desc\0\0\0\0\0\0\0.IEC 61966-2.1 Default RGB colour space - sRGB\0\0\0\0\0\0\0\0\0\0\0.IEC 61966-2.1 Default RGB colour space - sRGB\0\0\0\0\0\0\0\0\0\0\0\0\0\0\0\0\0\0\0\0\0\0desc\0\0\0\0\0\0\0,Reference Viewing Condition in IEC61966-2.1\0\0\0\0\0\0\0\0\0\0\0,Reference Viewing Condition in IEC61966-2.1\0\0\0\0\0\0\0\0\0\0\0\0\0\0\0\0\0\0\0\0\0\0\0\0\0\0view\0\0\0\0\0\0_.\0\\0\\\0\0\\\0\0\0XYZ \0\0\0\0\0L	V\0P\0\0\0W\meas\0\0\0\0\0\0\0\0\0\0\0\0\0\0\0\0\0\0\0\0\0\0\0\0\0\0\0\0sig \0\0\0\0CRT curv\0\0\0\0\0\0\0\0\0\0\0\n\0\0\0\0\0#\0(\0-\02\07\0;\0@\0E\0J\0O\0T\0Y\0^\0c\0h\0m\0r\0w\0|\0\0\0\0\0\0\0\0\0\0\0\0\0\0\0\\0\\0\\0\\0\\0\\0\\0\\0\0\0\r%+28>ELRY`gnu|\\\\\&/8AKT]gqz\\\\\0!-8COZfr~\\\\ -;HUcq~\\\\r+:IXgw\\\\'7HYj{\\+=Oat\\2FZn\\		%	:	O	d	y				\	\	\n\n\'\n=\nT\nj\n\n\n\n\\n\\n\"9Qi\\*C\\u\\r\r\r&\r@\rZ\rt\r\r\r\\r\\r.Id\\	%A^z\\	&Ca~\1Om\\&Ed\\#Cc\\\'Ij\4Vx\&Il\Ae\@e\ Ek\\Z\Z*\ZQ\Zw\Z\Z\\Z\;c\*R{\Gp\\@j\>i\  A l  \ !!H!u!!\!\"\'\"U\"\"\"\#\n#8#f##\#$$M$|$$\%	%8%h%%\%&\'&W&&&\\'\'I\'z\'\'\(\r(?(q((\))8)k))\**5*h**\++6+i++\,,9,n,,\--A-v--\..L...\/$/Z//\/050l00\11J1112*2c22\3\r3F3334+4e44\55M55\5676r66\7$7`77\88P88\99B999:6:t::\;-;k;;\<\'<e<<\=\"=a==\> >`>>\?!?a??\@#@d@@\A)AjAA\B0BrBBC:C}CDDGDD\EEUEE\F\"FgFFG5G{GHHKHH\IIcIIJ7J}J\KKSKK\L*LrLMMJMM\N%NnNO\0OIOO\P\'PqPQQPQQ\R1R|R\SS_SSTBTT\U(UuU\VV\\VVWDWW\X/X}X\Y\ZYiYZZVZZ[E[[\\\5\\\\\]\']x]\^\Z^l^__a_``W``aOaabIbbcCcc\d@dd\e=ee\f=ff\g=gg\h?hh\iCiijHjjkOkklWlmm`mnnkn\ooxo\p+pp\q:qqrKrss]sttpt\u(uu\v>vvwVwxxnx\y*yy\zFz{{c{\|!||\}A}~~b~\#\G\nk͂0W\Grׇ;iΉ3dʋ0cʍ1fΏ6n֑?z\M _ɖ4\nu\L$h՛BdҞ@iءG&v\Vǥ8\Zn\Rĩ7u\\\ЭD-\0u\`ֲK³8%yh\YѹJº;.!\nzp\g\\_\\\X\\\Q\\\K\\\F\\\Aǿ\=ȼ\:ɹ\8ʷ\6˶\5̵\5͵\6ζ\7ϸ\9к\<Ѿ\?\\D\\\I\\\N\\\U\\\\\\\\d\\\l\\v\ۀ\܊\ݖ\ޢ\)߯\6\\D\\\S\\\c\\\s\\\\r\\\\2\\F\\\[\\\p\\\\\(\\@\\X\r4\P\m8\W\w)K\m\\0Exif\0\0MM\0*\0\0\0\0\Z\0\0\0\0\0\0\0>\0\0\0\0\0\0\0F(\0\0\0\0\0\0\0i\0\0\0\0\0\0\0N\0\0\0\0\0\0,\0\0\0\0\0,\0\0\0\0\0\0\0\0\0\0\0\0\0\0\0\0\0\0\0\0\0\0\0\"\0\0\0\0\\0C\0	\n\r		\n\r	\r\\0C		\\0\"\"\0\\0\0\0\0\0\0\0\0\0\0\0\0\0\0\0\0\\0\0\0\0\0\0\0\0\0\0\0\0\0\\0\0\0\0*R\\]WF\\@ $Pےr6Dxm`Pr<@G%1\2	6A6\\"E-m\ӵ1P\a	x: \Z!HR@r\>z\	F^ko\(\,ziS(?VW3\g\\֩I#\\\bg\#ק\\g\\H\'f\qɯp,D7H\#s< \nI\g{\nK~/?oЃ\)o\	\&z+\~\\7z!\\\[\<-3S\+J\\Pl\.\Z_c#Adu{^\\\r:e`i\\\*7QFYu\\+3\,7<@9j^C!uI#U\2*>\hG̀\u*ͷ\\5\\z\'\\yLZ\p\+\ZjAZrQy\MK7\Z1A\/\|zBЉE\|P\2\\${5b1%mfLm\n06e[)VR2>\ѓMe\'*&T\L\bx߷6\#\r%Fc bA\IAdV$J\\-=\=ęD(J$aJDJ&\c4,\nJu\\\nR\\\\0J\(Q`-\nĎmU_FLӤqmg\9\\׿R:\\ux\cOpR=\_╘\~rK\"8\$\@\0fF\\0F\v\\\;nᶊBL	 #\0 D\Q\!B+\\;q{)\gkpY\&\z\*S\	K}e:\\n%\rd\"0l\0ـ@7\t6t\\\ڠF&h1L\Z$Ȁ\0dD	\0*\0@	Ddc3.fI\ZT\Z22A>\;ܝp\\M sA\02\+90w *;a\ .zr&OR*\\Z\pFPD\3\\tDQY\\o`:u46CT!I9]n\w8F\Dy 	29ӗ[֮\@JhRLdAE-_\\\<\~_o喿K{t\jZf[\K\{\q+\df4(\u&\0L1O0\[z{\~\^\ruZo\쁰Zj\Z\rP1g5\g7-\2RPJ]vv\ݽ(r\Rƞ=Q%؋\[ni=m,y\r3\}\n.{EގcLȦ4ڞMˡv7ȯN%7iMeWI5z-\\\'jϒ\\5\IT\ǽ7/O2՚T\0E$g\]{O6\3x^!RT\5\\I\m\#6\^\\нr)F,l\١vΊV\'\Vj]=31y\=ߢr\_Qٕ˧7@D+]=bԘ!͵F8E8\R\x\\6v\\\\\hf\\uZֹxa\6\\0C\W\\ggek4\Sۢ\\s	\M[Z\Hm\"s\\VFAcPP\Z\'M-*\\\\Iu\\\\"\\PI\a!4`#$\\\0Y%!`0 iT\0IB\Ҥ\J\lYI-DQ9+\o >k L%\7-P=\[(\yx\\F\t\\뻗WS\7~y\ruV\ZV-\>}H\ņ2\?گ5cs!1jOJ6\\Oѯ2\?\'\n\ӛ\"4\Rl2	\s\\Tr\NcREk|U}WY:mW܆B\\4hjE\rW\\\\Xe7\Fx\<~WKN&6\Z+6+t\\;I(JB\RL$[J\>\\&љ\$\0 \rd`\BH\RMd`dd%&,`\01fE\\D\(\O5a%|ƣ%I 	)A4\qX9\ٜg\\\;\$\\ǩK#I7\rȢ3F!d \\^=h\$ƅ&\\R˷9FΌr\~FSb}U3y\\R\ޠ*.\'W\fu\q\O,2s֛\\"\DݏNPu\(,\Jr᣶\m\2oJc;ۗ^.u67h5NhJ\δYU2\Uq(P&\v4N:QJ6ѝoH*:\\s\\-Tꥠ\^ѓ\X,#ֆO\o\\N@\5\LZ\xaxV\r\ъr\sO\i~\gx˷	<kl\\\\m:ZeF=\r\o\U\/Q+:*e+\\\)1FL񽮏ҵČI_n\-y\^jz\rЇ̻\\ĉ\r\Osk\(b+:\d\ruq\=\\<s\'|4\\[ERUݦ\\u;{_C,x\rU\nwտn\	J67x1$W\.y\}\0\U##V2l\\\"Qך`Ú:$N]\)ԫ\Slչ-\-\Z\\a\[U\\蝣-@uA\F`[oxzn\\\Wv\\\vE\\Q;W/Ohi\\]-::Fo\\=\s\\^Q~6\F\Y:\\Ö\a\$nlU\ZeZݫ5\\\@ \J\\U;TŰ\Ww攟@\0o*Ss\\6\<\/,}ml\r\頫Gp2\\5O_\`:x]\n_׏ڤ\\g\ކ,{2J\L\(\'Z,o\\\\:%[\hrf\n<F\*~\!^\\څͿ\t\=CX\_\\fo\Tڧ*\\qӱ-\SW\\>\\)\X<\۹3;>\Ю:\9KDw&!\?aعI\":\c%\nCwj\\\\B.\7BYjVd\GF\ZQzK\lv\\0t\Wx^׬pg}\4\V\b\6v\ٛzuBzv\m\/܎j\\zuixK/F\Џ\y5PX+\)ꎡ\֊\\-в\@KB\\3ʊ\Zw]is5\'\ԓ\ar\oiFG\^:\lfuM\{\r|\0\d2p\9\rK=S\&wU\h\\\~qi\o\ܼZw~\\Hxv?m`沎h\\\`\}vݯ\\B#>2\\ih<ّ[\:\\jW\nn1/\)\s\e\	O)ʦtө\\ON胫,tϡ\q\_N\¡sϚ?\\0˦CQ-ZXlDxd\"k]Ы{\'ְU3o5FlU-!\0\ކb+e\ԙyu\'j\T\[w\nYs\?y5\\\\Q\nL\OX2uL\\XI9\_/1\DKR_\n\\NoP[x|\~_㮹1ݻܫ{+?nAQ\*1H\[ۥ3RLck\S\h#8N\\\;[f\\V\\\'\s\~u`{\'TgG:\\d\_\q\ٶ\\:\\۵ɢ\;Sc6\:cMEv7L[\wz;@\gjlxFЅs\y\\:\5+=\b8\\\\\+rʖ\f\(~KL6\QحU/B\\0\l\\\շ\z\#\L^\\9\Z]v=\0\ga=G=˸&SMo e\b{Q{\\c(\\n{{fF\\-kѢ,\U\ZÆ\\O\k}Z1\9Cϝ\p\&\\M?\rm:E{D}G$\f\O\|\\Γ\\\^\;׼Ӥd\9(w<=5YΪ~NmM$W\'%\al\W;\8xw\ѳ<k9\+\\Wwt\\\?O#3g{SQL=Ҹ8\n\{}.[ѰjSg\o;C\G\s\z:=֐*fg郅\zӭ+c\\nw\GNΜ\̋K3w]i\\\\Zw\ug\v\\_NE\!ܩƤʜ>fd:\y\POBcͶ^yi\*\Z|=7$\\E41[3݅bQ>W晝\Y&o]UVdu\f\0쭯\,{a\\=N8M\im\\\\\|\!3NKSBsgS.?Gy&\/\޹\ҙJ+:&-\e\\ZtF	`\R\n,Kk4\N\-\fg/C:@ce̙\@15\'ԵHfr\\*Ytf\\]Ob%K*X	t~+\@vkq\5t,[w,\\˨@a\@c,@\\09\0\0\0\0\0 !A\"#01$234@B%5&\'67DGP\\0\0\\\-|\7\|\7\|\7\l\\_8U\|\7\\|\88|\88|\\|\\\|\7\|\8|\7\|\7zx\\~eo\\\0UM\vq?u\)qcoeogohֶֶ֖֖\֖\.γβ\\W\Y\Y\Y\\yշշ_p\id\\|\8\`γuٝf\\Dδδδε\\\GgZ:Թօδ6u\gYJβYLβe3:\nV\$3\\j8#\\=,vKO2w%ùď\7\[ц\rNi\S\>\G\\\JfZ\\0ZX\"iq;]&eݔ7@VB\ʊh\VW\\y$a\k];R\ǯ\ZtSAo@\\\\^ȡue@P\O\v$vi\=Tv=Ed\\>%\\\-7&\\\\N>G|XY3s\v_viCyPe\\$=\ZаnocWc\F\=K&Oal뭖t\a\Ӣ.EŬ{i~[Q\P\\:͵\\hf\5}\{\ek[\\t\]KMM!M#M%O\'O鳤\\J\\\ZL\Z<\j<\jL\zL\TΚΚΛۧ)i鳸*\ER\L):0yт΍tl|\\ёcgF\Ύ::tt,\Y\ \HW\H\gH\\H\gIU\IUbi\Z\\Zl}\0\oٷoo~ٶy{ͼ;fٷ=\O￯6~5\_\\'\K\\XU!\CXQeŶ2T\hP\ـ&\3\0y\"j1cTGU²jN\\ê-AUX[ƫų\r\\\_\R\ھv-\"\\rIuW7PQ;uv\\\"$:uE\}`JEN\0\WiDGoC7Qkh/\;?\ZT]gWK\s\Iɺ2wՕ;llR\w\S\zY\#w+4ڊ:\\nS\5\F3\'NC]aJ:U\\0O\\/ܿx}}޾\v\O\/\/O\\\_\\O\nxW\\\\_?_~zxo7Y&%\n\)\c\\?PT\\\v6	a-͕\Z\I\!e\GM\*z\Ső>\=\\\\k\Hꯂ\F]W\C\\0zmJ[&\.[u\"\\\k\\\\n[+W_~oWd9oBI\0\RN\FYoȆ\"O\dAڃ\rj\a\Pr%Q\0\0Cy\07\\EcU\0\ƹed7\Y~\ִT\Z\m/\0\\d\;nBӱ\r+#?\MT\]\\\eg~oɦ쪐^\t\mU\2t\r\0:~_k\\.\NO\%9>\a\7\0\biɍXh!Ο:@@\\0\\T \iV\z\>*\9E]\-\\!.%i#Y\\=?\\ c\x\z\$,zhV\\Fti2}\\Yz7Uj\9ZV޷P\Z庶\i\6]u\\'XN2)\iʈVuo/GO\j\Z\6F\\2ǭ3P\ͳ8D\2V\,j+x\\̈́\j\*Zk;k	sA6\/\0p\\xvm\\\rgnl9\b#\\\U{\r\Za<|\b=GoJ7\0k3\jB `\Z@#6JiУa\(F9$Yqo\"L\@-kDq<lw\/\JR\\\4PcM,j\nHMm]u^-Q\WT\X<~\V\\n4\0j*kf3ݭQXzWh\uQol\ZNy	Y%sh!\"_kiuPT#:s$yZj\.y,\YLN\\\0֓,e\tHҚ^,rЦ\'L)q\\ƭQ\9kơ\I\z\\Z\N&%$HZ<\\;\0\,\H\qG%k\f\钾%\\Z\\%+\^qku\Y꙲\Rtx0aXB\BE>+\ů]?c>&l\\04識mbbr7>\Z\1W-m+&wGA{k+* \XBXS$PG%J\4\j\[\펗Ǥ\"\!@u$W_(dTēo\0 U$)v\X+\R°\Z\n\"\\ZWJ~\\ӵ8\V F\+\\06~{>&mx=\\~/\\i\o\?>雦nIn.o\ě^⽍\B\ZH\\Qn((JNYQ\Eq8ͰnvaG9&\y\I817}ښ:%%;&,Ht\I\6fs\\OdPk˸Z\Z\Ge\S\\2=SvƩqk[7ڥ|\\G\@[\\>6\^҈\PYʉ;\%g\\\ǌiO\0\װ\J,Et\6/x[\\^\<\3k[2V;e\2l)\no.dr\Ii\Zs\\\2|=@mF\6\\6M\\tm;2\aMQ`\\\r:5i+5W0v7EX5J\J\GշC1-\t\\WBT\\K|S;ؚp\IYb\>Vc\ϯ:AZ\LOTzޛx6mo\ZxY\_?z~\_\|\\\\/\\\\\\~?_\\\\x=}ۧU[nR1\G=D0\\*\{Tn&oc%F)].+\nǰ\eq¼\]a\{8%Œg^4ؑ\;\'9Λ\\\\0#N3ğ\\UJKXdAq\uz\\akZe8\"\k\\\sNi\\4yu1xt\\;Q\\ޢ+\Kj Gn\C>;>脚Y.\Bvz\'C͉9\Z(nc\N\~\4\B\)\Z7h\1\NZ)\wj\1\S\0gxlkemk&%h\Ye\q\Tƙ[\Ld\\\_L7ƕG\Z\\\Ҁ`s\E\n`_2*2E\rl\$UaUƫ \Z4\윶;HI-\c:\\N\\+Qc\ꧬ)b\\\O~g\\0#\i\}^ε\\\\}e^(\MN\\4\4\O\*\\\:L]OEQAODߵ\\\3h07ՒXs\j\N\'\8:uu&kIiKi鳮))*N箷j\Vu\^u\fu\n&\\\	`.u\U\\\\\\\\g¿Asft\v7\\MϦ->[8Q\Vl\\'5\-)\0\wg\HR?\2yU\ж-IAt뿚;8]\눸\\_\0mѫ\\;7\&\ٷ41\a@RH\?tJ\(	5S\_~j3Ov#۶mb\1,	\dixzu\\TTv&\$y\ܨٕG7\\鋉\o\\)4Ic\H|vp刀8֐\r\\TM3Wڌ<]\\>Fݲc\~?>|y6l\=2q\\d&!ޫ\\\\\h[yM\QD\sK\&\\ZUlu\\,Yл3\>8熇WQH\rK-HkKQ,r4\\	\fM~o5  YK6H\@M*\rQy\'9N\\TrQ|^\\U;LƧ4\rx\\8ex\\Lp2\rB\DI!9\`\\DtG¸\ב??\$2\cƵ\]	8\"<\_Q\Z\\\=<i\a,w!l\\ܧ\IE{q\Z©!4XN\nm\6F/7ٹ|qJsь\\[0=\r\nɊ\U%UBԂS{Ei\o\\OsUQq=\\\h㪫\\.ٷ( ܯ\=v\$\r\'[숿\I\HDX6\D;¡\\Z\\\D+\İ\\A\"\o<\t)oYkTR[@B{\P\"#\\\7TL\n\G\\x8\\\\\n#Wݹ/ch*6(i\n+\2bF?\\≨\&Ƣg\n\#dKQFK\\\r9\ZBL\0y\x?$K/iDKg`Y\\ȇ`\\[1\ZEy2P\?\Z\@F{\t9-ي\r\"Mj=w/l0g\'|Vlց;w+\r~\o+7Тg+<?\\ɎFЙ=\y\\{ۆ)\k\9t\n0\.\1\ee/L\!)\Q\+\\VlJIQՁ1\Y\2|^TWD$D;BfNo.S&Ch1\\\\|O\/j\\/e\D^5G|P|*\q*9IZ\sr\ZF6x\\n66,Yu}Ń\kv|\񹳢\\y\\\8u\\@Ob,ݙk8&ZtIU\(cޡ9vߖA\Pv\07\\xZF<;|Ґn͓;\--\A#y[\\\/\0Cܕ\\\[WI|TO\l5ⱷ\I\\r\\0mxa\\V[FS\P\0\DBi\H\_2XN\n\dh\. \8\{7\\Zar&\c\\\VK\\nZ\U	܄\HP\\-yJU\D^\г\r\ȽY[ג\\Z5&\\0㞧(\xC>cFcC4j\̆z\&T\a9Z\ʭyvЃ%	cyfԄa|W\I+E9\ruZ|b\ؼ2\ҵOLcvq\|fF=?VD^y\R;zqC\f\p\J_MONpWZ\r$\\t\O-.\"|\Arwu\\\6\\Z/25SO,aVGQ!\b\Y\Z\\V-}1\,~N\\\ϔY|Nf\Dz\\zP)\7\\#տ\V447t\\r_d_^-d\\\J	6BR\#Uݧ\˽\#\\9E\V2<ow\"L\c?d\0E);3\\\\qyl\ڛ	\%t$(MV\\2B6[\n\lso=\D*p+⬮\0\\\n\ٌ\\u\*\\0h9U`OdJຒ~*&\\,@\%\xy\\ê/\c~\˓YK\Z|J\\S\b$\%o\\٤ϒ%qؔ\ZeBKy} \2ĲB\\hb\\\`\#\|t#\\n\+J\A\{`L{\"\B+v۝2tC\f\Ȭ<ssƈ.?͖\\Z\\R6R;\J\\ȋ(\\\G4q!D\\[\O)ԟ#n\8zD\\\Z\\r\ӂݓ^\?\"Xѯ\5yf\02\\\YÝ\\sW\\r?D{\9o3\Z\Fƒ?IMsϏ\`9+b0\\ȎiuU\'9\\Hr(F\H\_ǵNg\Z*\`ț[\s\Dd\˭b\t\7\4E\X;S\=d5<\08\Ohq]O8e]7\RͫjZKo*\5\\c䕹\!%aʀT$K\r6K\"e5+9\rⶰ|ghl&N\;N2!Wk{f\\NNcl[扎:\U\ٲx\\\\\Fms[`E)r\_0c\\H\\n\\ \9\~\r\\.(Ght8\\r\/\9Pxg\01poke;j\-mK*\n\{VO\z>;Q^\0\"\\\?݌T\#\\&\\"&Jw\\aU8\ʎ\G \՘\'\"S\9	\p\\K\̓Q&;<>m\\ֶƌslI\"T@\\L\|5\5\\0\r{״\xdWZ{\\\E#v/^\'P&,\\A[\j\c\\\B!WsP\\"1\\\\@=\0ip\ܯ1쎊\y\"%u<\\Sv-F\ ^\ƍ[>3\\#Y0gU\\\\\\*2O>K\*\3\\Idqلl>?\x\xfȲ\}>f7}čG\{\y%\Ֆ\r\r\ŉ/\n.\\ύx߇\o\0[aWrrA/\"t	\"\6*\\FQw\\3ǴK_\PlLVZ-C.X$͸݀\n\r#:ۗT\Z\s<ò(\N\1m2>&\MQs!Uez;\\U%M\\jyg\0\\S\٪\\#s\\\G$\\\\.$U\dv\\déC-8\\Z˟D8o6\\VCn+S0\\n42!ٕ\"d1\p\\\rDcµ\P\ӎi8(!;\d\R̅\\\Z::,pY\\ JArɜ+\\˲\"R\_\76A\=j\SGiQaM!\n61\F=a1aCSyn4FG0}\(\ŭs\Yf\&BZz\$\Z\>XsIBz]\қ]+u\JjgUcLsj&\6\\'m\~}Ǡ\ܽ\\\2<R\uf\쥑v\F:V\\8\B7GGI\-~\]\̔\&iTL`\v\sR\'Ѻz3	\r<\\E\"^:|\%1L\GV\~m\{&\"1P\ʕ\\\\ߚNG\'z7X\\H@yD	%s\`đ$h܈\&a\$p\Y3*f#]F\|j:vI=7a\]g84$XbJz\\\#\KHL~G7Cctoj\KL g^$\\'A;8-Pif\\ !\\\q&7AD:(\Q\ED\4D4^]F\0ʿe\m\\6ͼy\\\6ͳl\ݶmf\ĘA?\\\>~\\o\xb?a\H4jhb\Ȕ\	\'I@)K(\\FP\g.\Ȟ튚|\nudXXpK\0s\̧iޗR.\&G8?Ӌw\w\\o>\0\ZUv\0YZ\o:*3p\\bȕ!)\c\XsBYckZ/긱\Ʊ\v\kWblN\\9l\\\\06\0\0\0\0\0\0!1AQ\"a 2#0q@BR$34C\\0?bXV+\bX+\bVN	T-FFFV@\P-@뮒_WE7\M\tSx]\A?\M\tx]\A7>o	\;\U\	\\p\\\\NQ\Y%0XEM$v|\(/\G\n\\Zc%؟B׈1<8\a!\\B\Cئ-6\ZZa``\rXݸ]dWW7\K\ur]\\WW/._+\\e\\\\u2Nܦ\00\\\\fVG$	{Yn\ee\97\Pp\0\nۢ\V!bc5T\xA\rO\'`\6p{#O \\tno(@.y\ɰ<\o\/\\\\)E+7=\;0R7\0Y凅\rx>5\xAǲsu3\*LtY忢v=;n\8E{\0\@\0\[\rw\Z\nV첲\7\J9\Z^M\\'JKC|&\Cq\\\'L\4\nIK\t*)Ҹ7\;&L\vOd\\\\ߣ۔\nlV\\K{o\\r\\n8\\8\߈M>Z?}..Z?tMfǔCX\~ mF_\:؟+M}7\\\\0\Z\\jI\u,ZJ\c\u\ZN#eH\\nl\\0\Z2\t,\\Oi\n:]\Fo\PWWA\\no\YEE\5\fYA\5\dP7\!`\\\\0EXXX}?eeoĬJīX_\S~q\Й\j\dǌmt\\Bvܦ\Ѳ\	\\\ZNѝN;t\I(p҃;Vc\\,\\׎\j\3\\Ͷ\\c9+YV<FZD`\\*vyBV{q.\\'7lp\ۨ\c*a\uY̶N8m\)\"\\N\P?\Mnx7\\B_e\6 \r\	5iJq\\|&\\rپK\v\?6[\h7\R\ɋ\`rf\s\\٦\gG`x_pR;:`\d\\0\'8Vh+\\Zm%\?=\\r-3Y\WH\ܨhY\\Jִc\8\|G.\n1\j\/Uχw*:XM;F>V6\"\YE\n6\\.\鮟0\\U=iq!\ꥺo(o)q>8gG\eZ.wd\!\Z:n6\\\wڙi!1	{&Fq\\)\"L\\˥1t!.k([!V\lM\n\\0\G{*;)\rэr$zvT\\'r\$\6䋅\B\n)ۅ;)QAqdh$m\졧\B4sSSOuLRD`鋅U\Mjl\i\Mv\'R23\N1\0Ҏ͗\29Q\\0N\r.	\nɍ\0xu-`-6\J\o\</\5\}\>\\] yE4zb+)Ӑ\n(5OIC;!#ZFF\:oH\t\!\\Z \J\(*Z\\-[\rǤA\\K34\nkо\ʦ\7]DF\W\05P\\$n\b\Ա9Q@\4\[\\\5KZ\\\Z\4ik \IS<dҫ!Ɋ7r[\`\eR]\Jl\\vV\en-r\<KR`<uOUV\,\r\Nr\\\UK\l\me+dP\\,\۪\4\\n\\H\\B{[O}ݔ\v s\ .\'fl7M{I\uU,x7eQ˷\n)\\*a\\L𤝀pcfw\0?uYNdS|<\\xQS\0)\ru_LZ.\'e\3q\8A\\T;𙺚Lb\FZil\rJ.\\0;*z@M*),e)u(/\\\:ʹlx<w_\.V\"*j\\n{䦿e.\j\Y2cclop	\Q\=\MT*lۋ@Zh*GX~m/ֲ߄cp(\\r\\IOTeW7Q#1Z\,݁Rh\a\\mP-,:m\{\#q\"jU>H\pC\0(3\t&GNҟ\<{\p\\u^	Mur{H8\\lw/QV%(~}ԿAg9Gj]7ⳁd){A\dli\\\]\3\\\\7];Z\{Q`&\Ga]\{6B\=ú\\U\=\~쯵\\7A\@\e}쮁ɮ\n\\M\\\'}}.|\D9L\4\\\)&?\\0A\0\n\0\0\0\0!1A\"Q 2RSa#q34B\\$05Cr\\\0?\u֐\\r\u\WY+\J\T.WX]`\\q\\.)\\RNS;yo\⇗\y\<\\\\'^ab\%\?ļBo\\#\7XFk0MACWb\+}\U\\*\evo\C]Y\Y\߫^o\(0*\'4\nk;\#%\n rE\\ %!&1䩚]k*(\1IQ)\'4o\̖\6\\wCN\m\d-d̼֙N\\\\hG\LW؟+\<K\\%\\y\^pb>\TzA{\}Wo\\Uە\Uە\U\U\P\\}\\B\gn\]W\ڬ\mUK\5^\튯mv\_b\]UZEޫ{\W\\EU\t~D\\oԮæ\F\\^\0+\4\\r?[諰\XP\\r]\\\'+}\LL\/|~K\4\[\0T\Ѻqs<Bn\Z\\0\\=}`=o3T\e\Z\Dq\f_\3k8a\lW#\lN:\r%QL\\Z l\\\XL~)[=WS)\yG^\0\C_@z\ΪX|.0]G\{\ri\,/D\\tj\3܌<:\\\͗\T\r\i\\\r\nHZ\uCeKۘ7uQ $7d\	M\᳇\th\sm\\<\G˃=Y\-?F|\n!-f\XK]@ᢤ\\&x,7&ir9#\YK7\ܫf.?\f[Hb\/Q\t\bE+\2\\rf_B0\\ptXׁ#\Unf$\ַ\rxE\dk]ª1W\\˶\/\Z5L\\[k-k̇m/u\\zM\\ckUV|&bolB2IZ\\";\׶\"\\rn<ElrS־X\\r#\U|\p\\\\l#(9]^b\(\vM>\(TT\T͚FӢnm%Ϫ>\\_\xR}5\\o\MG$2C\\Kc\WfB_\\L+/\r\wB\5\DG=\Q\\o%^!c\F\'\beA\W\\\"m\nQ\ߚ$vT\\\Q\b{\MĢ-|di\E9\v\e%\.JD\\\\'\B\ۑd1`>?e%|\lQɮ]i]&{Ր\nށ7C\>c\T\亠2mu\\\ЛmS3 Zut]备\/C\0\'\0*jD_oTs1\\/\ae\}O$8l\\\aH\\\0wGp$w+\.?o\WeS\\\I웂\	^n\?ŕF\X\\6?\GSt\X#i1^\j\n\J\\vܙCKF\\$26M.>\0\M\ߣu\\w\r\׊tu`\\\G\\\\n\:ETH\\\\\0Xx\~ۛ\Oŧvk*ln\m:#\:#]?G\?T\1R\\\RbhO\TN^\ϒ\=\F\t<ѿyJ7U|\VS\\\k	\\\\O|\\#\\I\<rBFs[O Q*Z\1\{b14(VA{tM>\\n\5\KS\\򥨍e.\\3sM\\q<젮\MSOu&b04UK\c\\oOŚt~L\#e\\Z\\a\?cԕH\t*)c#[OCRO~TCg\AR\\vmg?Eٕ~\v\++=\!\}«F\z\t~\Wc֍\)mQ~@\uص\\\}\^n\^\6/rW؏(t{Eb\'\0QC\0\Q\\%\\)\:/E04\\rh\\US\\\1V\\q=\?]U\y\7P5\/A\R@\ݓ\y\qT\3E7>\1\1N]]BT\n\nfF1Ҁ\\&28V\Ǚ\2|8\}\\ f#o\JW\_\JIgE\X\3wO\6\Tұڍ\nѿ7Ȭ\d\xFld??F\X(f.?*%\8\Fh\"/28Di\跺3Cߪ\hbe|ܪrlVQV\\4vsnm^\û\FT\\nJ`<9w+c}\kl6\4.p&\\8Yadj>\\Fi\\U]K\Z\Z\4\s*\㑞;|P\se~ǫlb\QNBjڊ6f\S\Y.+\\=\\a\k,jy\c:~J|^gŨM\;\?~PAT8\vw\p7M\u=sshSj&\\\5&$CBc)fk\*\}+\"gsB\y\,#s)\\2\\\+w\"\\S2\[\\^;-SuO+\¾_fx\l\ĤU\r_\\u\nR\\\\\2\l7\TՒ6T\WH*%P[6&\Ja0]\ᴪ\r<\.;>H\E\Y\\m]\ ˷%US\0#$\\qX\0\\ʦf˘\U~]X^^?xbFÖG\\\,M\l8,tTӒlW\2\\P\\v\nm~퓍îнQ\6\d8]:O\j\ qT\\Th\\GYݺ-Sqt\Z\\\m?<n\A;\0ǳ!\naQ{9D\.\皚_\\<\\2\V,\1q%$q\4&\M(˷%L7V\\\\;\Lx&\\EQK\\ZlWE]u\0ds\S)\:\s\y\n\\Iq౺lOi\\b!V\\h/B0r\XQ\u@쒋\\\Zꏽ\e\ae$5\nV{d$8\\Z2cb4껪{i\:x{Nu(+i\\\3|ʒN\\PV\mX+a`\I\\j\n\nx\#͓\$N\\t\r)<\G\vRR\J\\\*8b(\h\p઩\\`[.ɐ45.\\sE4\K\t#beI\rM&B;܊}d\R:\)3vĨۊ\Gܒ\rXF?~3J#M\XSo\=C\S\X\\6$[`\r/S34e\Z;c? a>\\\\\\J]8)\ZwU<!rGXH\	\b\fH_\\J\\ͪIQ፞f;\~R1c\\c8U4Vm$X5\\\w\\l\6QOd*G\ds\ayF\0ta\\p\o\'H\4u\rXD26%]r\X9H5\<x,R9-*`8%P\3OSF\\\HQRU\\\\\\.a\RS1з\E1m^p1i695$\J\4kuUL*\"kȿ\0*\\Zg	u!e(\kP:SI!͛2\e3P\5\I\\Mos2rB\T\cZ\>t]Vtm\\~`P\5v\\CoǪ\[CtޑV7b\={\Z\\\\E\\\0e/Ikܥ\\D,סҬG\KΌC\%\6 y\_]y\_\zI{\Qy)iҶ1\EDd\\\jWG/|\*035ﭔyi5O\J\\R\d_uSC7\\MIU-\\\ix%\V\(c]\jO~v0\n7޽\\Z7MCɃ~\\0\0\?\[ҟޛ,1*h\\0\K5\[f*\\\~AT\\\*_\\\T~ժ\\<\\0Q\0	\0\0!1\"2AQaq#34BR\ $0br\5@PSsCDc%dt\TҲ\\0\0?\yO:\\0#sιa\O?\\\\M\Cv\_$\\\_%\0\Z5\Z=\oƾ\"\\7\_a\0\&\\7\_e\]??vm>\5\u\u\\\\n?\\\B6E+_)\VWد\Q\$\\ND7IPE;\0_!\\n\XWȦ¾E/\>||Ҿ@~ҾC\0VA\0RA\0R@>\Wz\o\_\\\W\#_\_!\+\1}s_$\\Z$X\\-\Ko\\m5\Z\r>4*\\\-nYO	p-\\k\\O$\Z\,;\r⧛eU\c|h;y\'X!\"\\\\ƲzhGy\r/\u$Ko$\\\tN.1\\^ۥմv\;FFs\k\]]<s\\t|sF\ς2\\*H\,0h\\\\3\\]A\.Ӄ\F]q\oWp\$ipaW>GGB\\\\b\\H\_\@{ϓ9\S\C\_\[\\\&R 5{cuY\D\;g\LO9\3=殬ۜRTq_\]\`\Rkn-8֓O\_\\~ϫ@\^\x\~y:C/(i\\T2\'GF\\\[C\}\\Ա\X\\0%Os<%ӫ^\Z\nخimD\Ƭ`A,/&S\M\Z[|1/ɩۚE\Lo\\\'\]H\0|\\ekk77d:;\:dC\n6C$p˕G`Cmj\S$$E4r\Ö)U֣\+T}|8\:ē\\7\4\\\9PF#4\;\\Zbc?8\jJ\&H#w0e1\\vCyo\\\{{H_$=:Žؓ,y*\TiS\>Cimx-,qa\<3\{b\\0YLI>,z*\3!\\\\i\1\Yd\a\\ZDR\X)\0\\]@\?}Gw\M\/[:\璉\d\N\\R?]t4\ǊE\/\\>\%J\Cog\s\;\F$w,9Ӟ껱wcs\"j\A\էFAlAn\MD棓\\\At\\q6c\\b8\\$jUV#on!\l\\1)\'4vb\Fb\)mYg\n\\=xhuq!cK\K\'ۘ[Wp4>Yʿھ\Wf\\kss|\\\0i_7\W\\\"O5wS_%o5C\\\0\\_\"\0\0|5\\W\\_\"Oߍ|?ߍ|?y\濫ᯐA\?-c@a\\-\\\w_/ي|f+{\\W\\1_.\\|+\PW\.>\}Q_+Wq\򛏺>\\~\\x\X~ۻ\wh?\n\wʹ\}G\0ol\\<\0!C\\ߐ(\vV(4\Y̳(ٱ\B\I\O{<\D\ڊE*\\j(\du^ª\=20N\r!V\[ݼ\31ʮ m>k\\ZO7m \Ϥ\\sKI0\mGc.m;sږvklͤJa:sBW&\\<\\팚\'\\>[(rsdא`g3C\k\\@q*\\w&Li\=\\}tԻ\\'\k\\\\c\GE\8ss\qW+1X\'\Ø\ɫN\"9ǉ\\Qǝr^Wly\'H\^c\;Vmu4\\7\\\0OGÅ/\j\\\XO9&\={B%_c\n\U[<c\\V\\04\}-i\pToӞi\\\\\\:xne9\>\ԗ\v\R\R5k\0]*Vw\r;E\\!B\VzV\\\fȂ\5L𪶮\sy%y[2 \0j\m\Z4(\G\\ D\?ƍ_@\\+1kW\R^\wcY@N\b9P{{\\R>\_\\qy\\\0\_!\\\__\\Il`i\OfyD\qNQ s\=kU\k\\3m\Na+4	^\aRB\q\כ@ӫ6c~?\\4O\̹\Z1J%O&d֚\\?M]^C!\\ھMy\_ơmm (A43)\Tr@u\r\a\	x<\$Q\\\\\\MxT=\\n\\\\\6*7.\"/\_\pqډ\\^{2y\yb.\/4v:EyJ\=,\TW+m\P1݄ǅ<	ɜ\FC%\\y哶)O$~\Ap@\ޗ\nv=XԱ[\rț\\r<m֎E\Z|\2}5:B\&\\\b{u\'$\\"\\V\ʳ>1\V\Z\\\\\ +\\*%\RmI\\`\\蚷?\?ek\UJRȌ\Z\>>Kq\n3ߊo\¬\\MKg\r&ej\\NqV\[\ZK=x\\5qe6\IE>\`t૯r\7m\c\\\ͤ,ڎ \	=:cք\d׶?\)-W%\)csk]y\\\Rz\M \,nٚzKy1=\\ǶY\\\oeX\0߼U\\\\(Byz*x\B\\nT\0\\n-ڦo)-\WGƭ\&\\gh\KcJ-\U%\i-\\+3d\q]\0\0\Z\_j0\0P;{`\c>:e5fFSAQC\I\0\dm\S\vI\0\0\6\oe-\\n]Vjt=\n4ɨk)\Mԓ\jKmexa\\X]m-\\"{\깁W2c(=5{\LZT-\UyԖ\+\\0\zY\Z\Cnz×:=xja֞\\I\\'͏\j\9f\\ED9:VȺdXa\j[{t\+\>N\>b\Z\M!_n\qw45\rC\KdFE7ɫx\u\%\^>k\\-\G\[⣷[!\Z.\gU\ZZ\k\xl\\r<G\h㾮\\ \=\(\w/kun\\\)%\Ya\G4D#Q\c*\0\is\;Y\gUʲ\Z\2\\G\ԟARH\8i,L!\b⎆W\Z˺y\n,\\sPw$\$Q\\nE&9\l҉$T,p<饕\8\e%\H\pþ\\nxbCyo#{!|gPN\d>i\\dNҫdq.&N\\<Q\ݗf\Ң_ZYY\7#z\\\\c5ilg|iQofc\0C-m\Q669^K^\\\t݂xcڻR\\\0\jG\0;bQ\\\=͑)k/n\鮌a\\\0U\\݇E\U\\(e\ĥ9\\HêEk\d\$ijHB\1\\M4vH\5g˳`\\Љ=3ˑ$\\z\@4\'-cj[ͤ$8C?ºX\<mx\nꨬ`\[\\]\5=h_\?ji%;g=-Q\"<l\n9wWG\\\\,j=\<mn3Y_\";a\?Ehvdބ\Y$\\j\j-ᕫ\\\\5,\Lj>O[3\R8b˿w\\\9\f=\:,\\;tFّzmcX\ED_A&?\"-.\H\]\n\ƣ\0utj\\|,+,\g5wl~1d׏f?\*nɨz\*~\0W,\I\\\1\tՔV\7S\9\:6nle\\L\79Cx\\0*T\|7,u-ƕ2X)\<\]\NtT\ͮ$8l\WE\\r\]\m2:6LE\z_\\\H\i\0\j\i \\\5g5\\\#$a-Uv?H~\"?_\R\'?~|\\ի<=>Q&i\ˆ*Y\"\aa=\G^Mb_jZ7\K{y\VQZ\D\\\֨$xc}ytJ\\ϜW[M=\b\9\}:A\H	\0r\Ƚ Y={D\)\\~d.-&\Z\'-οCL\Zm\\u\O\\\Az\\\"*qxԉsM\8\8\\n>9Pk\r\Z{r͑I5\\YWH\	=\r;\\nѧ\\\\{y~&k螺#2\\ZEi\9\\\\Pr(ں\q\h\Sڈ\w\wq\\__\^\\\\\=\W1[\Z\X\\1T~?K\^-\\rp2yֹe$v\qVh/j\#\}=[V#_8VU	\zFY5n)Yi\m\=\\<&>\\$?\\\\^Z8A\0:}tq\gj\~+\W{\x,\s,KTQ+U;\寯\$1\\"&e[\\A5ؖS;\ڽNL0/#\#z\R\Z+&5V\B\޳W=\\Z\\\\\с\W>އ[[Pga\5c\B\\\<9UI\,\+[\\l;#i\:\sA\oub}C?]{4g}\o\Xd\0\Z2\l)?a\ut>šq+|I!\<7\ﾭ\\"θ\O{WGy[$3i\R]s	\	#cm\t\+4\mWƁl\\\Z\\St\mgq\s\\\\II\	#o)\\<mn\>\ﮝ+y\Un?\\%}-u/W\Wp\\b6\3\1a_\ѽCC\n<\L}}$l-\mp\TIf33޺j\n-.[݌\}+s*\__\.-\\\͌㾬\X\\Ԑy_)tqt}ջƾ\iڭxaS`ByМ;Xt\\\\_>#θ\V=(-\^hH6;MY𢲍#ú4ہSK5r\_1X\\Z`\ǉ\έa\VxVB\=\G\I.r_Md\aXԬuX\ճG>\\K\Pp׭sj\N\\\g\S_Eyg\\gJn)ߤrF\\峚8\#_Җ\r\ZD\s+AzV\{\"H1tH4\0c\\M6_\\\mս\âd`yմv>oiq\犾\e\\sڬg\'E\'5\\\\QDjF\b]a8/pB=C?O\\ZF߅\Ǯ\ĹTm\ZP>o~*;\W(x\\)a\\k~mh\hU%N\\V\\\YDYc\寐x/\?ȿ\y_Q\_\\z\i3X.\ \V]G\\\{j#\qZRhݼZ|\^\Z\I\s ֈ\m\h\[#a\0)Ȯ\c:5oEy\Β65w\;Dy\S#\[+ji|\8-l\y\q\\3yo8\R\\"-GI%SE%vyT*\/\oڣ\HǜjSLw\y\\\(ă)\m(Ok\ m,\\8\5\\\4Z\:s*\آ\{(vC{\Me\e\\|z\n|y\Vĥ\,T\\P\\5\zz\\]%q~vM\\0H:9	6qk\\.-[\p/<M,,3@vl\z@\"?II|u[G\\Qߊ+,g_\ԲKo\n\\ePgOA\\r\Z$\X\\݊藆R\\\\e\L\\gK2䊷QX&\\r3\	Dh]x,WE\\D7IH\D\e\\,a1ܼZt\\\2ϡ9/\MqU9\\6\\\g\\Qm\cfOWNc>5Ҁ]#U\0K\\\\"lmk\Zc\n9_跜u\v0(yi\\VH\\\\y+$-ռ1F\]\\=\릺&6l̖\0TzpxM\H\d>i\eE	DCCȿ/#F@Zw\۾\}^ܬ\rrsio[[10uH5s,\Ku4z\eG­홤a#S\Ismq=тӂ*\ܙI9Rz\I\)\P.{ˋd\\\\\ITҡG\]G\wX\5\W$:\g\\\E4q6ޅ\Z`\j9\Z>[;Ԗ|\ڈf器\qr\"L\&F\x\\ns\Gg,yLi\\\5\A9\jE&æ\}onb<(b\ZTąe\Cu,Mn5\p\nc5\\\:=\o3\8|V>m%\]!\R7\\Cz\A}:tXdXXa\\wm\^`Y\I\ɠa3\)\\ fb\0<W\\n_\\\W\\n\?\i\\0nk\\0n\\\\i@\r\\Kgg\ҿ\>cF\?J$r27\ZdZ:B_\Tc\o¶\7+W&?d\\'+\\bM\5\\P[V\+VCPX\Y\\n\םB\0	޵q\td\JT*\\\s*\w_ι\}߲u\쿝vo\~5ؽ!֝7Xk\\ξ*\0?\ZϪ?\Z=\Wɯ>\%\\_$\W~_!ϙ]\\Z\Rkj\n6_\'߱Xl|(\\'W=C4<ڳ\P9栓ZmCA\P\InlO\Z\@3s<\#\0\P\j\.(j}\Τ\v\渗}ſ_M+qkz\#I;~WSJz\\z\̓\'-jI[NrhHdc\}57\Eyy\2\I\鬃U^Y\\㼚Z$ԣRgW2_\ImkL\+\\9ς\\#\Z\sI\ph*r\Of\҃\n*\^)GaC\\rD\"\\[\0lQ[\h\ȾO\~\\\0\0e`\>LY\0A\R-\u$\'j\\Q\!.\ (Ml;鸌]M>\ܠwielD6\{O\0\\\M;ݓ	\{ʕ.o Ӎ\zuyզ\ڻQ\0\Z9u}i/\}\xR\ZG<V\W\^Cȸ\\\\q\\WC;|ۅ\!ҹ\5\\\\o\\KX:uҀ\mF\!\c/\\\Qv\cWЀ\rO\1\ߊe\K\P\3\q\+\֡\]YdO\rI\\Ex1;-^g?Zw\(\ࢢ^a]\\KŲN.\既toB\cbejғX\\h(qL\\Wx8:\0\Э\\Fr\\\\\rsһ7L%=ub:ƃRAM¤ί\o_\^{jLG9^\\o\~\\W;\ZFߝtduZ\\\\\7M\\q\j=T؈wM$\\V82\xW\m)W\::7VՕ\'W81qA*.7\P\$`Y*\/ѷj\girw\\']LUX~T\r[dަ#q\\URad{\\W<U\kLRċɫ77 h\0\\r,s6M\>My\Kz(1<ZR(\\NVP-)\;#dmDc\K#\	8\x\\7\ؾ<\[a\\-\ϏuSVPtyTV$m<E\"\h\n\\\\9\0\fN\\GL\\1\%+krU\ǐ\nH\\\GFjrBs4>+}\lz\v]K$\r֍\o~\D\>l\\i,ٷ\Wv#\RE\@\HV*GW\-i&k:\\NMg1G\M\\\\V\;x\$H\8\\\\\$\9+\\cݓݚn\ʆ\\\\\\Fd\\zKyh+r9L=5j8l\\O}6ݴ~\1Drvuo\0,\Q|\\\#Uئ<h7?J\n[~\e\Gƃ\\rC<\6\\S@\\r\0yPeq\¸s&^\f\cX\\\n\F<@aΗ,Wo\nڗ g\۞AZ=^\9L	ն*<iϢȯ\n^\;f5\\\\Ч\D\YJ\\Z琩e0H\\8L\"\3RL\羴 ܞgya	O^^\ \Ք\"T\r\Ǫ(ں9eY\Ι({jխax2\\Zm0<\\"(w∐\fSȂP ߳PcU:C|WY CGIL)]ѺџeVRM\'է*b]\\\l\-Q\owQ\~R\v\\,d8z\D+\\_\֑*\uif\#\}mS\r-G(+\W-뾉\>UPɍ}x\nqy\nP\i\Ww=E]tV(\\"߫A$}ч\\?H8r\$,Ia\-\S6ʾjDp~O\Z\fCvc*zt#uK4\O);f \\/Py\0}^^.G&9s5+*\eaβ{ϐ\\Z\Q&\\`h+\ng}H5qSN\f~na:yng\P\ڤuW\\nPR\v<E͹6R\Q\\Z^K\ӎurc\\B9a\zj\\V$\\\E﭅|/޻]nU\8\\\WI\<%Y-\\\\h\V\\\Z\=q)l\4r\\Aά蕸o.|\r$~l]J\\0e6c7CS/\[C\r@3S[>\\\\]\r4\Tךjݑ)ĶC+|\WI\&(o[\UMD\]\AkQ\Z>9L.֓sHI\X\0(Q: ʳ\V\4\Hʊ-\R:~_FZb.է\.[5\uR38\V9\;\7a/>~L\µ_η\>\ʁ\Z!w>\cui!Mj\Դ\SY!\\a\$\\N0wur\#|c#K\:ar\f(\G[^%s\\\\\\I=s\=ުI\d\"\<Ƞ5zʚ\p_a˝t\\.\r9^8\\(|NVYP/\p\;:^\\6~\yoZR\\u\'\C\Q\	ZNz=X\{X\*F\n&1G\j\E\\\\yO%\sQi\Z\"yWV.C*\$\\J\'Ta\\eY9WgJ5 99+ot\n\[_\\\\m\C\\\\H\<{\JP9\n\Y;\_;\KBs\\>\G\wףǻ\[\\7\y\ʈhwu={)\\\]\y\+&W<۾D\\:\\4j)\׵?6ɫx[Q\xc2,c\'İ4\\\^5\\6Sl+vG\T×\	\{d=\grdsā?W	-\\\\\|3\QGb8*ol7\uB	f\\'P*q7\_\y\W\:]\y\5J{iYc\O\Zm-\\,)bR\\XPG!~υC*1f\\\^^\c\\\1\_\\)!Di\\#l4\r\\͵\Zv\\ZƑ˖ie\}\/h\>uŋD[\A\䏑ey\\jl~\k]KGa\'L\VʃTV\t9ds\ş%}3\\rp\\Q\fY7Ӱ\쮺Exx-)շ:\\#B{*I3q4}0;\\Q7]WF\EO1Ud\\U\S\\YqO*\\0e`\r\PJx\\RI	7z=B\q0Ĝ06\L\\\\0\Oe\\El_8]ϲ`\\T\\\^F82gU[Za\'\0\n#\XdɍUu*\\\\\-ߞ׶\\\6}\1(\\z\*W[6\\HFt\[[Z9Lyo\~T\\\ᢇ\05mv-留	w\=~f\Ѩΐ\~\rt\R7\Z\32\[;t\\?hlj\\0-qF6\\z\5jrB\\7f6\\d?їf\NG\Ձ\g~*\\Sm;\\hJِVv\A\"#\'\\j>\M&7\)\Ξ\\P\\\:Ryb1*\6H\\H\dV\\\Z\'P\wuF\"Al\\BNf\\89\\F*-؝\~\}\߷vw\\\[\r\\\\Pa\\u[nI\4<*(Z5|\+X+\I$\j_a^\NtѧϢRh\udn\\p\"m|(>\k\&gQC\C%z{>\G\5kBJ+6}G\3H֮[\\Z\I\jݿ4YY\ޯ[/\Ǡ\Xc}9x^@\$#n}UCqR<g\\Wm\'t\)\h8\Qxո*M:yVXV6])\=`zܪAN{)s\4r\rsK\nO;՗\"\0\\\u:Eq	p96\\nmʰ\ZsS\\ރ\Oi\l⳰xP\[?\n΂=x|5P\"e\\<\[|.sJv	X$\,JN\5~h\H8ZS>\'Ɵ1\ƟvicME\cEB\Iu>*	yr\4Yaи=gܚvɑeEC\r\k\\8U\ٵ$^\\nQ\\i5b=<jau!12\>\tT\+)Ԧvr\nz\Q:Z(\R3;>\\Ќl\\G}D\2c;\nܜ\\nt3\0Tκ\\GTͩ+]9x\,9[\n+\\É0\\_uNHbYpw\0<pv.W9{z\1\0{T\CV\\ʲFǦ=ʱ]A\\\'1I\0\6߾\rrH\r>\[G!XO}\\I{n#N\a\$ICq |/\\Q\"6$uS%\\]!jPug#Ǘ+^7F)\\S\}\w]C=\s\ڮF>\/*ےԓa4\*H3\;o\\GW\Z\=\002\($ƥƜﰢh\\]bxzT.!\n\ם$?zmAh/\ȩ#ʵ|$C#\*8w\0Z1R4h\Ǖ\fv5\\ιz\F\F9}sU\|}3u|[\\ksI\qM`\=բ9:	\G\,a_Z\>yUA;L-Ϋ\\o\Q\\1YZ\\}(\! F\\_٨\\_p8\தBf=_\KG^\Y\N:h\\\G\KxE\\~SHL{\kDq\0^]\\%\]|W*1H\\0,\|\<+FS+\6ڤ\n~=L9\uJ#(ID\Z>W\Mȗz参\E\"<2[t|}%i3\\D\Fe\lU堉*q\nu茎t}u\kӊ;t9oCcuϺTS\`\nUJ\<ziJK\"J\ݚ\[)Ѝ\ʹʺE\گMz\0\0\C\YA\Zd\zF9טޅW\W#\E^4E\o\#\Reb11kDQN\}#TQH\\\\\G\'pEH\$b{RG@\su/4*ѪYb\Ӡ*\\\uAQ!:4֪\F?8ek\\3^;ĩլ\"ȾyȷU\T\\\\\IÒ\ϫ΅_TrTvR\&v\\R\!3R\\\Z\E>#9s\y\3]*m5+QX\΢ocMo͓T+K\r\$\n\m䁭\r\t\JP\\!qV̛\0\5\\N|6\rۧ\J#.Tc\r\4z	m\bU\'P\ەHa\XWY-\c\\\	};\L\\\rS\\\@MUםzjE\nnU{P\\\T\U	1r;BP\P\\r\y:\]X$܎\0M^68\*\\rS\\Y]lqZVg\\x-\\RN\mD\\\\h\sFm\m\h\:\\w}+)4b9Nc\\\\aO\'ըUX+y\\\\\A\\"ͣژT\\\i4wX棵U\Zc\\;{\ZȂ\uo\7S\rꃜoMrif\R,,2m`-H]#Ѷk\T%7-}C7\E\$iJ\̱RCC\\\XԲx\5&P\\LRzjD\\\\\\&V\V|*#ϫ\\u]g)2\0\(.v\P1\j$\\\\<\ZDg\\Jok\X\5喸3M؟\n\2\"r\0\We\P\\5%\QylI짔H\p:\\\\(SNu\xκQf8.\gU5D,G\\zupG\vSvl\(&\4\\0\Ubt\\\"\|Mwlz?4oA\\#\}A>\t\E\\r\_SR\BZkSɻ\\hƘny	\\nϢ28\M?e\\\*<h;\ӝ1|$?\ndp#L(Zn\Mo\\\5X>\\JB9\nY\7`k\frC\rײW2B9b\n\IB\n\\X\F\iz\\\:q\$Y\0m\\E] \ԼhG&J},<;<\((qEKG\Z\Lz\\b\\_F\\Kds\.m\\J1\Ȃ9ї\ZP\\p@o\\\\~vU\DAN\\W9~\T\UU\sZr[|\GJ7g}U\\0iIW\n6\\aA.A*\ٔ^r\'\"\{p\\"\\KR\\\r_\H|i\Bܚ\Wڵ׍aX֬\F\׳\K@1L\\\ȒDFq\i\\C\\\}¡\i!\!4)v\\\SL\^\\\`\c\lc\<vME)\#\9ʨ%\G*.&\\}d\\GVP\>fU(\kBѯq\s_a.N\\oa!~ғZ\\(\\]X\\FCb\MT\\µ\\n\n\.ef\4	\C0s]^UG Fh\x\ǀ\I	\<+p\"\F\ƙd8%~md6w*I˕\%\\Sz\^\翐~Aj\W\~ԀUHŻJd\\ʁ\\r\'\RCJi_O\O76\)PrA&\]p&(8N[\\r[}\8\<v\6oB\\\/m\!uĆKx5\'^>j\\$\@R3V[\U22Ejew\0S\EPk\"\gW)\\	5^?GM\\ЊID\\\T\r\\\\';%$\~Y@M1{\ߖ\"\\\Z?X\0\t\\0s針\\\Z<\\0?/?gJN_\:c\\\_ξ_/\\\fW?\򻏪+\\_+\nϝ\}էή\\\}_\ye>/\\\>\G\2(q*\\}3CWY\F\/tg\ɫ+-qɟ\\\\\)gBX丫Y\\H\WP#N!Q/? \;\̭\H6lg\"\dMt~d1,YQK\\"yt]!Rw\\}!l\uO\Td\9w\z|c?\l\\ 0ʢ?\\]u\񫵺\$\\ϛ\W\\a]A\A\09?}DX9n~\0R\@Q\\\d~.\Paݺ\O8|)\0إ0{(\Rh5\\D4¨\QcI0چ#<\9\\&TP6\Gk\\|8Eݢ\\_B\\k*N2@\\!T/Vդj\{(	\n_\\0\'\0\0\0\0\0\0!1AQaq\\ \\0\0?!\n\\e\˄^syJ\)IY\)QX{\v\\/x$.L\Y\2T\I\\\\,T\9\\c\Zte\\"/MM!\0V\\wD\\.\\\\\<\K\\ZW\/\rA\x{\\bs-\^7\\Z\be\0ܼq/;-\>\wY\ގ\\1\0/^;\Z\\\(xKĿfoj^%\\\\"\#O\\\q	\/~g_5\ƧS>d}a\-|G}>%\\>\\v\y\|\(\|O\\0\\\"\+}D:\\\?\\\_Dğ\Ƽ}y~w\\r4\\?\0̖\\\;O\\:R5BC_|t\\\n\\>`vyJ\8\?\,@\h\ւ\A\\d52hRt\\M\\|Cz)gHn3KJ\)-kN\F~+\|Sp;qS7ٸ(8Qfl\\\ƣ\e\\'fzE\Ub\\Z1\n\'0ݿѨC\"bxW\\2\עq>.`	]\r9NHC\/D\O\\0m&t\\\\\\\ZY\9o\4ހHJls֡Ff\	\,\/=\\\ZP:Vi[Z8DN\\'j/ە\P\YeV\\50\aX\q\\\fG\[PܹL\.e,\w+\'+[ƺfZ\\\\k\\z\\r;odV\L\0b3σ}J}}\\\\h@ZuO,CзS1U,\\(S\\\gR\PW\\?H0ϕ\\0v6qX\"O\\0N۫\8bE^H= 6\u3L\\X\if߂\b9慠7P?};a\.6od\'Xw\0\ɓ#\\\\\o\\\:nUg\ܩ>4uA`>a@\0~\\\ؚyJWnl\\W//\\s/\\\?>\w\_\aG#/(OH\0ڌ\l-\g̠\c/1\\Z5\\7\bV%q+\<%yޥc>*iGO\N\\7\c\0kc\Ģ\w\ᴮұ\U3(vNQ&ҦAO>%g_78wW\qU1+ǚ<\\\U\9Fq^\'\0\8\|y\H\#\\J*WS\>g\	\\SԣZ{\q|O\y\ϩ\>:rO\}|+3\\g}sH\\\\\\o}\\w?\\\Z\Wx:F8\DYPX-X.q\pW	(jwH\_q\V\\<!z6&wY\iiV-];5\:*f\wٚ\\\Wv{\Y\\\3~\'|}\\r\\sb5o3^~8\s?3#\~%\\f\{\\T%\0	\\\}\+z|\`[rF\<\.&`/[\'1\\\@#\C\tb*M̭2c\(jTv9+6\nm\j830\s\q\\܏\\\	\Kb\]\^c\'*z=\x\)l\\w_Է1\\t5E^uWXkg\\\jhPr\3\\-;<\F {z\u\\\\1g \>\rW\I\\pq\n\$ԫ\L2+(fq̿7>M|u\\B}MLE6\0\\\\\\\,R؀T\3\&x0ݛģ*5s\3\\һ+\x\X\q\q:\X&y\qr:\\?>>\\z\ꇩ=N9sgUjh|\\\\s\yg<úg8\s\\rʣ\Z\38\\mᛟqf\s=\d\yr_\̼N\\\\)@}M7\\=C\\\rl_;}\RFļ\D\'\s\sO\\b{<\q\OSaݏ\=Op/[O_\\g\\./p\=\'2\\NOS\g\y\h(,\3}xዪ\\\5\RڞIz^XBɫ\Z\22{`\Ww`Au\L|,j\\\T\\L\މp/Z\_\\\ K\ml\\\BOeӑ楙T7\_\\\hdZo3q\UQj5n\O\\F\\\\\s\"\{iS\\7D\\=Lns\\\Z\\+dۙܟ_3\_x* 9\\*8$%nH\Zz \"\\op\+%\\3&a\]&I1\0]GqaLAdf\\m~!r\:9\\6Mf\\A\r\<\c1-\\'E^Fq\#x\Qd.\\Kϑ\0P{/\fqb7\(`oζ+ sПu8!0\\`\lV\aֆ\'\|\xRC\?3폟±\0\0\nS\yGk#_q\0Q\T\\3c\L&	\f\\4Uu?\r(AW\\CؘC\C(Ř,\\5Ad\\"\<\E\̡y\\\"z\P7\0YSj\\C[]P5Kq\0\(\A]\\8¤G4\0aQ\6KkP/\?>=L\\\{_\ns@/*\0*\I\.q.`{\\\rC\A曜}Iy;\T\\oI\c\0xW,4\_\"\,ϼn\\*KA\Ϊn$(\0߈\9\UW-T\\v\\\'z@Ay{^\"zi1\,<hwah\\}JᚌP\D|\\r\\\>\\T9\\r\h\\\0j=ODy\\~~\?Iĸ9\}Os>\^\"/SI^\T\!|ι\v\"yuek$GM\T\)XԮ(f+rNxJƙ}\\p{Ì/O\\ΰ\{\<g\,gt,_\\\$w;0D\\!6\jL!3@\z+/.±:\#TUe@p\>	x\@	r\BL.Mü\\`mp+-B\\\H\f+ssow]u4p,~\Wj	\r\:ƥJŬpS$\'+y{\={A\ׇ\^h\\Ë\ΐX\b\\e@t\\!\\\\}\wbNp5U2[6\\\{f\"ѳ\YNZ\\pi\^^q_\$\|\n)\~\k\#b<_\K\\?1Q,_.\'\#wڣ\닩eMH `1?d[LuqޢÎAW٤C\Rɴ\CY\􈢙&\\Q\\\\\\u<\(EcSg<\79\>S\,np\,5_\n}\\~Ͻc NT5\U\P3ܖhn\DX\r\)>\\_|\ p^ƽ\=@rGXq\\Z\\0\X\r;\\]̭s3\\WE\K_\r$rqX/^HQ!\Q\00iWl\r\\ss_ﶯ\\\Ҵy!ڢgL[\\x#YZLW,\rY)qo\c@o\kK=11T8bX\\ \\Yfې\\\O,\;\\g\J%ݿ\1ۅ\ߘd\\bT9n`QWi[n<\ת\rA\\"e!z\4\\\\CIގ*\80j4q\&\?ɋ\\rg\#6	S\_%\	\\0bHp\\\.\3\}\su2\n\sz\Os\\\G.GO⣉\\cP;|b}J\N\\*s+Nwf+s\r\\kK{OQ:\hS/37Ɖx8N5^yB33\\\gR\\\\;\\\\x\\O)\nQzJ\y3\\OS\|\-\2:n_r]Yi\_A2\1\\\{0>a|\YS\\5\~VՐ\0oM\=ӬgL[\\la\԰{\5\+\Sa5\|\\Yë\P\U\ZEts-\!\,]1\Z\\]\I\P\0t4t71[&mt\d\'\\n\\|\\;%\\䌢O\;\\d]ꫫqlb\'\K> ]\v\-6\mު&z\ \1\W3uid\jp\\aJֿ˔}\߃2$7?\\Z%ؾO\\׏?P\\0֫\\\Q>/7\i\A\f\\Q\\Y\{\\khj\詨\M_H=\V\2\6gx=%2VH-\\c\0\Zm)\V\L:\\>[\=mu\)X-\Xy!f\Ճ\M\x<\jz=ǟI\\\/3&kZ\b\\.\mũ}\\r\0+\]\\Xc$8hp#JVFF\\h\\\\ç僴\&\\\ /\Q_L3㒽t\1\x\!ލb\ge\C\f(km\OS\\߫\nq\T\\\\gި$4\\\0\d\Uϲ+DdgS|Lxn\0.\Ŕ\7\f\Z9>I[K2RTi\gv\0\0/l\.cWՈ (g\\LJz\n\\\>\*!k?,\<\'Yo\q\n\\\s\\\\\>*?XĮҬ\撥gR+\:\Ve?J(\Ve\58rOS\\wG3\ukl|z\3\'\=\\Z3\\>Nu/\3\fM^#=͓\k\\ǩY\0x\Uq3s\9J[cXEO\_\\\q=`>\\{j}O	/c\>\Z\"/\}C\=\g5\\l-\Ro\\p\>=!Ƨ7S\\\}O\23Oh\w\7=?\3\7;W\Ϩ\jq\\X\\hG\\rn{!#\5}=\[\Ysi3\K\eC\R\=J:57\\UQ@\Xa~\_i\V\5\B\r@czZ,\mOd,6\^\wX\\MD\	̦\'@\WA\+\qi\}gDZ5\n\C\p9`\m\Z< b\E	 Y-@W\\\-\\^ekdP\>\'\\u>\0\\dxFl24Q\t\/0J, ^?m	|\3yi8^\n}E},q\Zt;vڑL\~gA\\`k*qFo\vOn\\\\:\\۔z\_p(N꼥_\\R&̪18\@\k\\\j:Oa.;3(s\!Zg\0iNH\\$`P:\*-\,\n\G\%,R\\P\"\Z4ʦ\r\\0\liV8ɻ;\j\'sy;@-\\ڡoߍ?b˘\u+\\sQc)\:\"_PZV|\0X\\p̞\2\H\'a\nm₥r3s\^:=\n\\Ie\r\7\GAݕ\e~\˴K\j\\B0@;bo\\\/bڽow\ϻT\x!eB\3HXgq$>-s\sԨ[mv\;%԰MTn\E{,G\\[4̱vv\"b7\8}\gK_Xu2a\=A\c\ns\k;\\SCjq(\+\\\Ɋԯ$|κ\QZgܼN\\+q%ajwWiOs\\=Jξ8\|\djWfsx\+=\\=\?k\00\N\3\0\\m\0O\(\\w\W\~\\h|\bYBJO$\Sp\\?\H\_&EY *	\G-/?1@_`Zq-L_҈%ᔇQ\c\y\\\Ĺ}\\\0\\n\p?\O\\rHΖL\nX*83\\0~\0ܫI\\\0qA\\	}\khӣPGZuz\\2\<G{Ǜ2\\;@ ɩԷ/8Ra\\\Cp6\¥cU\\\\*CJCP\\?)ݣ*:o\Vk\\zI1[_\*qG8\g;\.\\KYy\% oĪyZ\/\/9L&K^\\\Z\K:\$kQ\̴X\\3,Noƅ[fne6\\O\\}\\V=V\{s)\Z0\rW;s6)/QQ\\SJ\/h9F\ʿ%ofpL\O}\?!\\C\0\\y\h\\HR|!/>\\\Gc\D\~jT\58\\|\\\\\Tv\\H:Rn\cB\\",4\Zb%D^,\\\j.Poh\\\G-,t?SDެ63@g\)YK6,|L\19V\hT&{e\0\r\bnr\\\V\\rw$\5⚑\\v\f]\Hg.k}\z	\œ4\\}Ӭ\6Vm\w\\R*sw\H\\0\H\0qp\"F\\+5tjt殼\-V DcAߑ,?|\"`48\4eMITEn\\'DkL8=4\D{A\_\\W\Z\r+h\;)\0&2+\SA\{\\\S\\\0+\r\00NcNb,\\Zf\\\t\8\u<%|N#M\8(y&^8\}`ρ,@<\rv2X!@W(\'#\\*VuhD.yP&]Ĺ}\\{\a!L\nbLKeo;\\4Q\-\\zJo\/\OiIe[\\i]\Y3\\\\rN \\\%\8ֳ:\\\\">\n\#AeA*\\;&p\2hG\^Mj1!\bE)W\\'&3\\WjU8a\"W\"j\5Dk\\+4Ơ]q\\.\n\\-y:\S+Ver\g8J\\	QsfZ%bz3\(cш4\+\mAi \n\ͻtpݳ\'Rt\r\\ZN&H.LWrl\ v\q\6\\\wr\Z\8\pH{0ү0U]\'>%~\,;Ŝִ_=m+6Uä}g%̇\"\\L<E5htq\\0yL\8\\9󸀊NL9\\r\0\4x\\0\)1fs7\\	Y;\0q\_닖%Sg5\\"4IY\{\}e\3\\ߑ\\\4nZ}0\*:D1\v-$,E\rj=e#E컀\̔]H\'\\T6\\F+\\UVa\]]㷉xiw2\+$`+$-k\9\QZz{ށj\wx\)\p\Eم\3vl\7̣n4}N	J[7߾?D0c\z?$YqJ\E<+x\CSL\\.V\߫\=\K8jޒ\A*wЌJ6\q 0\KS@.+^(\\[{zeURk82g\m\(n-iTWc\\1۩\嵅\r\0RxZq@e\\\8P_\Ћ|k\0cg\	V\ZBx19J3{\p\FG,ר3V\j\uY03¹q.\G)m#S0\n\8-,CrWA]\Vs_+b\	6Մt\\riUx\\n`\Op\{̻\Z\i\\\3\4JX8\bUʗ_Q|T7s\A\ECMwF̿`\Qt\jmʰm\#<3}!\0*T\f\0£N\\.\Bp%QCfD\\\\\'rC\8@ʐ\ģM\\\.\S#\&#o\n\\a\a\Q\b\"\0:Tp1S\m75,Qj\z\\sR\GQa̮^¹~x\۱F\"3^P\\:4j+\Z\rS+[)\s\\\Ȭ\{cd}M*\jT	Zͦ\0N3{_B\\mWIm2{*QnkH\\n^a\#}\hbs4SK	ʗQbL\_\\4m\\\s\5\U@;^%D\n\7-|+NzA@]ƈol/_hPXp\T`ȝECo\'S\\0cS)/EU渊\\\	c\\'B\Ubc|\Voq7\V]r9\-I/]\8L@E\\\1\0\\&Z}\Hd\k\"PE{\+#+ԗW\xd8)X:\VwdPl\j1k\1Apo\0Q!!\\0e4j\{e\\id<aRY\`;\if>\0Sn&x.m\A9s.\֮}\K,U\{K3ze\R\@\0T6ras\S\48L\!\o0\\?\Z\o~&syy̗9\}x\kp3\0h\,\X;A{\0ɔ\\1\\. U1C\hI8\6\\ž\v<\\}\ͽ^۽G\\wG>\ne1D(m˫\P~kCW\5[>#D1\\g6@g<[;iYoA\Zz^ļ.U1%OpR_P+7*\r{D\qXP\D6Na\t\wH3\A#\\\ķ\!\s\nޝ\Oз1<֡\\08x&&\ybMLV\fV>\k/ZB\aD;\rs&\oa\}zÖ{X=\6\\k\P\߼6vB\\'t7A)\ĭC^\x\+\q%y>`!U8>D\'\hN{zN4<ED\,%\nV\ӤPX\\\Sx<\\F\#a/eڵ\Y\Y\q\\\\2\ؚ	\Éi(7\\\\\r\˂Sp\\\n\\ZĴ,#\5:˴l Ɗ\\n\\]\L\C\\\\#!=t;@0,\Z\D#5u9\":#BX\\B\J\\\r`(+\\r*hY	G\\㴤35\rF\;DV3j>1ݣfTuz@\<Ÿ4BS\ qeo MˮX}ǫѸu؅hF\&y2gkC%`\kOl\"~z%2g\\\\WHuai S\\#e\0X.\"\o5\0ʍj{.`\e\Z\(Y/\\0\0\e\\hC\3k\0\\0W\_\n\3=\\\κ\{\\c\\KghX7\z\\\\Ǫc?\k7}\"\\c<\P7epE-;q]{[&֯\\\肕\\,a<2\0\1oSh\\\\Sl6莲ÓGN>]\\\ҟ0o\p\S)=\Sf^:\84\nVrKH.ɤ\0ht,\NM<\4HK\39>/J\=\XhV\,QT\1\A\,E,K\o\ jU;}6Vܚ4\s\^\r\\X|&8/ TC\\\x\uC!\\\"ͬq\[0\t\5݃8/3K&\$uq͢Mu\5{/}A7\\\)6xM\Z\\\\B,:>bl\}\\0+#J\\ e\\Ӈܠ~SO&\Z\k3Na\04\3\ U\Vb5E]ʂ\RP|\\q0ϩXq\\\\\S\[ǆ?Fյ\\Mڜu.Ƭ<&KU\v\(\/\":8\L3|g:ۥNT6V	\\zLj=nk\y{N\K&p\PAsWE\ZBq\tQ	.%\CL(\n\ݳ\QT\Q\Ez\|uQ\_\\\"Fru\z\iu\U\s\(\"U\Ur\02\'\x4^p;\\VXu2̨]\ \-\-\\tJ]?mi\?F\@\t:k,+\R \U5\\T2(?\\܌X̖Uw	QuN\\n\!\8%\y\k+0\1\\!w,\S\r0\n\"\\ͧL՗QsY\0zCיJ\ٶ\\@ݪP[|<蹕og?c06,!\s\j34\`3X\\o\\\\ݫt<\rr\0kP\\=&Q^̹*47Gm%\\'$\:PI}O\x>w\b&\<\rm\<@4[N\NGs\\r#\\b\{5	X&O\D\?\\ͫ04\&8\\f\\\̽,|a\-t&\L+\F\X\"1\%QgW\{sT0׆z0w\G\8!|⫤Wi/P^M\/Po7dQ\\\zϨ:\]\\\S?\0\0:\\ר\3\?H\c1\\\j8 \7r\ \E\҇j?N\'qg^lVΏ5\[i\\1Y$\"\o\miUcoI\rS\\L\\F\nngq1b\\w\0m˝z\\j\04$\m\*\(~u1\\n,22\$\?@;\\Il:el\\GE]@ᱤ\\'<Pi\{~V\l\\X\dWQJ\2;p\W:G\y\aX%\\\̡ [(\N\&\DUY\5\N\ \d\\&N\\rq(sV#H	=\\'\Ơ;i\\/E4WS\\b_=\\\/^\,3M<RSDk\\n\377M>%\͖y1H\0s(2ʏx\\\0\8\#HXX$\0\"6 \6@\\\cPm\\@eF\ Gd\P\0\h8,\0(/CW`\0aug<8!\\(\\Ox3=\ݷ\TTkXf^\K΢G%ƒ]C,\\"\\6\\3%:χȴqID\o\|\DC\\e6JDy%p̹Yٞ\\j]\\2%:p.\0\ɧU^2Y6wYP\\Ü\\\C,\\)#\\/\\Ens\S=L[ɐ@E>\ m\O{\чU,Kp4Qf\|\Z\0\(\r/-r\"e\rV\\ıb(5Z)ˏ\6pm|ln5QK}8Cj\0e)l\\\\\aPkmLĭTYٖ1\.VN\sܫ\\\rf9얀.M\0:\ۈ(w\015Y@Ez\\\Z\-{cu\鎡*^qtxgX^0\\혥#\JoN\TgnZ+t:52`v<sw\|\Ƹ\\=\ۓ\w!#!Hm\\u5̕\0b\04ܜ̷\u,r +P,rZM*N!\x\/[@\\\1\Z&}?5 #i}\Z+ފ\\ʋdwxǘ&Yl!Gcu\jk,1ع{\;\c-?\\0~k	>P-\e$(P=/y@ZЛkJU~S\\\WF\P\Zj҂]\\!ĢaN!U\C\9\I1~\'[$i#S:%\\\pfat)ab\2YPRjTR\\\r\eRy\]:\vd^\'\ZW\\ougp\\\d?1	k~ j\֣Fa!Z^c\pXZe>\14j\"\')\\BAj^+ g Ѫ\\\L\zX\\}\\\3Ĩrѭ3{5c\\\n\Vγp*\\g\\npFP\֖\q4\\;\\\(PP^i1\()|bgd2\\\0&)\_2Ā\׹\r\0YG~\TQ\0j\ VX\σ(\Ta\\\[z\O?\'*4\'Sr֥9\+f|J\%\ri]\'Q\\?SmW0!f\"\L\r94LY|WX*S\ɴsG\\!끸\Gܹd2`\UQVbS+%nҙ\]\yo1e)QP\\\)l#\\N%Vq\\\\*\HZ)Kg8\\\\C\WB\(\_)\d5f\#\\b\\r1$\Z-y.e[\"s\a\	:kiY<\,m\3.\\4K\'\b\r\1\򩓑M$+M\'8\\Z\H]:?\\\:Ifn\[Y\DD\M @\;%ʕ*~)R\w5+Rh_I\+ԨnQ{%3}?)<\'\3\x\8\\\\6\S\^N7|:.\\9\֙\\q\\7j=\73FYXXnU`\5W\{Gs4\s\;\r:d\7Q\\\\K\\\ԛ\"\n\\66\D&E\Br֐\8W\qI,\!#\ڋj\ٛ\U@\]$\p(\6\\}M)N\"\\0e\c\\Z,tg,\&ۺF1q|}F\ZaX\9\0ޘ\1\04Э6[\r\3\D\)\ \`\D+\\57\\!+\\\ߘW\r6]?;/;\Tqw(\c\c\y\[x=qfBZ:p8שjV\r84Y<r,(rx&Kbފe\:zB\U,:&3	@\\h0x\Ie!Iy3n*\\/\b?v\\-U*\\CX9+BWs\I\<ǟ\'N\\0\0\0\0\0\0\\\\\Z\\Gj<Ml\?\l&$8K\48WP\\038\/2\iV^X[\],s1\B\`#Ļ\Z#\0fȏU\0a]@=\9|>!\\p,X\l\[f\	\Zf¶B\\n\xOTРa\\\KN\\n! H\J(<]e\\@\0\0\"@N	z}Pny\Qu6ICtn\\0!\ڏ11Ӯ&\$m-z\(_e9\m8{\\$AC4\$\",%s\9\ưrTj$	h޼{&\Z*\'3i&0(\\TO\ 6nj\Ъ`&\\r1#b\}J*\Xip\\!6{m\sҳ\0\&\\\8\x\P:e\0*Fw	(Et\\W6(P{\\7YV\\\ӟ\`dXuC3Jq\HPp\^x\N-h\0=0\\}\R\7Y݇\I\te\`WZP8w\;%tZh3R\-B\ST\\\K+\\M`wʴWs$I\О\u\\\\\cV]cO\0n&\IV28!{\E\`\\Rw0\l:{\0\\9\5:\0sT\\m20Br \<\0\0u?\\0(\0\0\0\0\0\0\0!1AQaq\ \0\\0?zS\\'I\BA)D\n0֮\\\\w~1d\\\?\?3\'\#\L?\?0s\"\"\K\\a\\n8\\"Ң+%{g\Zobvwu\}0FV\l~Z4=@3ۿx\Znb\r\\\g\<\XU]n\\\y3p]\\A\0\\\\n\q$Œ)\!f!Nn=9هBve]\\\\wI\\wQ\q\g}\=o\\fRfM\0\r.C$\nV\\ԎHPm;G \,3Xd\!e\|$Eb\\Zu)\i\0\ɏC^jM!4./A|K]f%2>\2Z\d#\k\\P\T֮,>!\\O\\\0\Z|ǀwj}AT˭S\۷\i\rz\\\N?\G6Yq_\X`u{jWeo\Uso\;9\)T\\מr\\y!\-ʮ\\\Z_\Z\!B\.\\\\iaZť>>bh+\/f\W\0u\\Pł\Z\MGf\ÕÒ-\Z\rDk\Z\rfץ̨uǞX\oU38b\\5Zx׃*Q\\Ox0%_|X/\W\0j\d\~cC[\\_\d:\f:aw\.\F;s*e/\\C\\C̾\0|\Uc\md\\t\r*-=\~Km#l\\8L\|?0[\"\Kt\\_\ik\-]u\\r\h᧤딋3\רK̦()/\$\5ʋ\Zk\Ӏ٩UdTo͊\d\]G@bZTGXQQqK\%\Hlf\0EzM`ǥ\0J \\kJܩR\\گKD*gn!\\\1\z^.\K\qZ\n\)?-J\$ί\\r-޿ٓ\nE>\\]hm\p\J2k\\Q\Ć\9c^[]{\lJ=\\\\\*\nn\VYiN\LH\\|\s\\|\\dOg\QĴE˪w_\'	\Z.\0@h3zA@qb)%LqA\ht\̽\\ϳ!KPR,RWÌ\0R4^\n㨷\p\\wtJr\󨱳e:m\\q\E`\^fPcEVSF6\\0\\vt9\KU/\֨+/ymQct`^|ޡ\3\P\&\\k\c\[\㴦4<?V7\mZ-\\(̍>zn`}vC\exuo\̦\%\7\\\m\\\%c9\xK\qû$8tٷ3\nZ[W\\rY_!\/,9L\c\Zp\o\\\Y\>5\e]\c8L\\"\Z/\ԣNA5\\h#\6jh\\\\P\'~x#D\Hc?Qn˾.>e>3\v~\\\;\xFn\\.E\h/Mm\9	W\7؈\\;ɟ,\g\0]\E%\{B}P\x/0BzZ\ZC\;0_9x,v/\Ta\\)*aF\\\\+Z?\g\Q\t\\`\0S\\nH\\\\\'f\\C\0q\n8pɾ<ka`fv1\\Jhk֖p\n,8]ƹaFbyc`\ґbR\\R\݌\\B8\nU\\ޢ@2\P\0Î\B)5\LH\n\-1UT;\Gsz/ۈ\L\S|\\d;\\:x\\EʡSh\".6\\3S\m 9ߵJc_@r\Nw\\^\%:)k5\\ʪiC\vx\\/\2_q\Y_!lm\\n\\>њ\g\\0L׆0\_\\\U\\Ʊ0k\ t~\\n|xh^J\u\`x\XՀG{9b|WF\0a(\\\l򄼥\\r\uƑL\\DY{z\V<\[N/̫z|ͮT\ӖR*\\rMd4\\Q\\n\nJlS\Bp\V\$~T\\\"ܰqҺMGK9\ͥw\Bfe\\\\\"\\\\Qi4QvO\5Fôl\5B\?q	_L\hPN\j!]C\"u\n\ڣ\r\\\\ \\nm.\T\\bz\z\\P\:Al-soߟS\\rYn2!\@Ȥi\AϘD,M-Br\!B٬O1\Z\*cJ^i\hMn\8\LoffD?x`\/\")\'O\T⎿xN=Qj֗u3K\8\sXnӄ\o6	\ݘ{`\X`-\ۋ\*y\'\'IA47\u\0 \'UҥDYQ3\\2\wC\Ťr\ߴq9\0<\o-\aMY.(\cQ\ǉ]Aù\\}!Q^YR5<+\\edP.\\\_knkfvn5&9(.\Jqa}\\\=۸`\[\rqyAg\\or~X0\\qهmE1\\\R\nm$\rَv	Z\\-x*\ug7\)f{ą\m?_q_jtek\\\S\0^o\P;o\45\\b$ome\Yv6^\R\Z(p{[M^\\;\@\\ҋ\W[eΘ\x\}\Ɲ\|\F\B\\0KY6\<TOCQc R዗-	)/%k\.:q)1\\ױfn|m!;\\h\i\\w\\\0\'\0\0\0\0\0\0\0!1AQaqѱ\ \\0?w9K g0sLqqg\r.S\B\Ѐ\0ĵwO\\O\?~&,Q4)\RF\0s\}?\>\?\\\0\:_s\t_r;?r-)؍J\\\\#Q\"\\0C3\F\gayb#d\+oR\1.R\Z\\=\bM|\\r<z\\\\\˼\\іA\nn \l\0\(۟}s\d}\\O߸﹓o:\FUO/c\ ս~\//bq\\w\}\{̈UQ\'\n\r\0\0	D`\p+5p\1\J^d\f\PTGa@ \ZYUU*\Z\\Q(WO,bh@N@\\a\0hRH\m\D\V\Q6\+Ss` YEo*io\ZT9\\S,*\Զf&\(\\gX䖡cKX&\ZQT\or..W;!p929\:s\,ɇo-[9W̬ˀJ]rqm\-e\"\n\0icحU\b.\0#si\BdF4P\\\P\\\m\8ocl\\r\>{`իZψ^]QE\ϹU\X\YzKۭ6~\F3]30T\e!\0@\u\\\OQ\Q(8\YØ5*\\n+B\\\\KC;\\(\dc\x50Ic)O\\%\0UˉO+\'J\\\e5Ur\5jz\\\"jۍ\Wi\_Vw	=~H\̪P\n\q\\0P\\\\r\nW	#\\\\nZ\~Y`(vı\ 5]wt\=f4e{+1\Z\؄\f$\n\X\\$,\d\g0\W[\9.\gBZ@eF<n)3j\Dʛ4֨\fT*o,T0h?*\y(\nEhٽ\\.P\ĽY\:>l\O0em_mJW\\7\+\kӯ\  Wf-~VQm\\jb)3#p!\nj\\Z\\Լҍ\V]VbBΥU(\8M\yw\\E滱(\WѵBĪ5AlX`\\\\\rf\.z\\RZ\noN\./~W_Լ8M9=`(	Y\\R(s\rG\DLnf]FC\E\d\=\\whPL\\ZU\\\"\r\o4\L\96cE<d\49y5-E\`]4\H%ꜮJ@W \omL\0\F\d\0\\\]\\0d\0\\-&\r T\ЮYh:Dz,ej\\UwS4oM9lo\J3m	X]pJ)\`\)$*b\2\DX\u#\n\\G\,\q[!JӒ\s[\.4Epx\\Yj]_1:\nlB\%UӴO\N\n*	T5  q} \Al&=G\0* f*\F\n%eB6[J){\2`EQVB\0\\ؐfg8]B(e\0M\V\u:%\ԛ\\n\0\\\B%*(0H\q\K-\9;`Pb/\rb(ħ%\{C\\\(|m2N\a\\7믈\/\BS`6yn;JYQ\r\r\V+:sߏh𣊥~\"bҮ\5G\r\\10D/\Vc7B]\v|KDSq\05WwES\Ʉ\vvF\*C\3\mWuq\8b\,}c\\%cU\\\EP2<\\T(޽7.,\4K_S?0\\XzόB\0\PK\]}\\8Bbj^ \\\.^̩ϵh=\:\ܾg\ܴ\\'\Ϻ{uJ\Z\T;s]컠m\\B*>p	<\?.\\F&\r\?\1\\;WTF9&;\nЕO\\ZP xƥM%i\tOfZrmx_vV Y\n\W\\5r\zE\\\u\\\\\Ro\'	N_TL\r&\X,i|n\\dc2i<\n)\nM\n%J\"qܷ-գ\=\\na\\k@\"Rҷ*:?\\̅\;#[hgUJ;\\\!\L,b+e<\Oo\۵z\	\\dA\$B\\n\cÿ%ܳQre\'r%̹2\\\\\H.>z\n\\/\\0{+5\]\p.U`Ֆ\b1{	\\u[\ X&j\\$grU&7cP\6\'Q\Xm-\"\yvKRk>0pQ[[tP+\N\\<uۋ\"\"	\brLSC98XpKC6UK\hǯ!ibc7\$@*\~\Z\,i	X\w\\0&A\t֫z/6qQ\_Y\¯q\0%Ȫ-\'\#\6L;5\'6\u̬l`.he\\Fpv*\\n\2ܫmpPf\͇K\\\-@ɖ_h\"\\\Q%i\CzJ\\3^ke\{_\/<^0k\n`^\r\nQkЋ\\\`FhL\fwNQGz/ܮ)	\ZM\ƭBeo_HX\i\\r3OL\^mgv)\u\\}|\7\\\\☤\u\I@\\\TPRP\\i\uܿ	GA@jp\85\\![]Q\)=<@gU\\'\\\ZĶ\hB\\\:\\g}J\\/Q\q\n\0*\\6*&[\\\S ގ˿\V\[\\\8\\HNY\`%q\\.)AA9\!\\[t\\0\\~\'\nG\\7n+\afڔ\\\Јd\8RYyZ:7^\r\%%O\UK~\k\*\%Gjj\0\2?\s\\\xx#\\Q5M7M6G\\9=Eeo8p,\ZZ\YY\iOJ9N\ \\\\;\u}Iuz\훈(\F8QL\+\!\?\\0\"\K.Yh[ɬ+Ǭ>ӭ}n!@Q_6\YdSoX]<YapP`\DZ^i\\{fb?&\GY{kZ\s\\N\U[\'\\rx\"\ń林e\\\\qz\w\߃f\Y\kc\L\ʶ0lqc\=bl%\Y\'\b\ \0)d,묑\A<q	02\%%.K~c\nP:\Q\ɪGž\\	Y׏|D U޼CP\oN\'&HLEd1z>qb+剳\w\|T&A<$*=䕏Ħn[\\vu9\\5T\j\'\\n\SbS6{ƚ\"gE\\3#2Dux\\l\O\Ql+\nz\J\\k\C#Mbߤ3;^\+0e\\4#,,8\}\P,	G]\(ߝAiM\g/\\\\0oTSm8JzQ\\-\oq9ҿPDեRb-B\\&\G\\\0U\0\`xXt+\\'+\PZ*U5rh\j`ަ9#M\Z<>OJ*uZz\ZQ^Ҹk\\e\}E:>[~\߇\;_\u\c\4ؘ%\(K?ø\\.+hxv\rsYh\<#T\H\\%5x\wծUU\|KCp\n1Uo_[<t>a\")(3Uv\d\rҍQ^9)JN{\W]\>\i[޾\ziY\u9%VVwsn\ۛ\0\)\\z\\0s\~l\\"|35\ȟ\t\'&4x~\O\7?\\0%\0\0\0\0\0\0\0!1AQaq\\\\0\0?\Ҽ\cWY\\\9b\\Zk\x\0y\r\<\B\\\~2m?2\0N\Ca\r\\&F\弡I󛝵`&:\\\\;\p\r\^\\YCWX\v~x};s]lǚߌi`\\!˚<wl9´0\1 	\H|,\ޫp/3[Y\؊\\r>\\\nd=\\\Fo\Kx\U\'x\8h\\\Xw\\nQo\o*\1Gg\WLU\'\'T\\\(7Q\%\x\\f+N}G\^M3r \WQ\.\	f%\n/Mx\\\z=p\+:H\>\9*$ʺ|f@9̕\XD\J\0G\mc\z`knO\8h\i6\:Ň\yÚ#0{1i˦4or[ٛ\n\CvcZ$DK\8\<\\`g\vQ|\\Y<\/%\\rP/j{˨\Gk8˱a\ak\\ģϞ\0ݟf\\'eYqM\\Cvp\Nd\\ripα\9\\\ZFQck\:eXPf.\i0\v\/\\Z\)h\0f		7 \[M\z\xmRX9&t\r_#]aY9\N8A\\\^ȟ?\\;,\SP\\k͘\\Y257/{,\1y\\GyD=E0Z.\9-r\'u\0\oqS\e\"z/{\+\$^+RV`w\r\|Q\m\ōg	AO!\X=%4\߆\$\@\\i7ag\\\\B:)<\~M;#\\!gCh\\0\ZAT\0Ѣx`\06Z\0i4a\\6M6!DQ6%=\2A\X\G}mQ\\\\ՂK\p\\\Oh/%\	QXf,`$m	:	n\r>C-Jg\3IQ\`O\=u2\tP\\^08\|dAq2&\4)S)\\\\\\87@l\)Hs§E\\\ 1\\]0\:pʚa`\B#Td҅D,\;\"HFY@\7\Z#\0e\\pY8\\ٮ\?@\\%\9\6#\1v\\I\x(15	Q;.._NUB\Q(ѭ u=m\;cp^6P\0IX\<9$qT\'\"3\?ɂ}H//ysYe\v\%|\^\g\aeB\#U oFK\|\Y\0oXk\Cm\\\"1\U\\1T&(\hG|H)	W\0v\\'tMa!$(ШS\\\I@\0hdo\lm!ɑ\'(\DW\ \\~\0\s\r\r\\K,\6&X\F/\0\(dv>/VLoY\Z@\\	\}^\I\+41y[tSxS\\``{.[#x\d a\n\0\٧:+{C>GHgl7tqhN\\;e]0p2\<\0\@\\&|\\\0C\\0kg8Ň\\\8\^\rw_\?@\|YoC^\lCG\!m\\\/o`8GF\ \r\b[;T{\r.<\'Ykż3\ƪ\ۮA\\\\\\\n\0ߍ\Z^vƲh7\0u\5#\0`B\*<l\J*\Z\\\\\f\rOY\x <@\\ц<\\T\^\\~yh/-c}dFr&\[2^\\\\h,^̒\K\dC\r.\Sp\\r_yAZ\\LSDSɔp7)K\\y\\Z:徰i$f\\\oc=gDI\]wmD7\'x.>n%%\\Ӗx\N˗;C\\\\\<G\-\\T4i\t\9\\"YZ\@\\Adi^.\4\l\\Jt\\J}\w\\\E\T\ԭs_z\nk\0qAu\1qb7\h¼Hw\0A\^L\\IjT\\\\q\nQ\:1\0B\D|lĉ<\:{F39q4\)j?XF\q0!\\n}1\\\rC\Zb\\\\\'@yf\	\j\\\Ck.ju\ȞfŪq؈rhM\\ܸ#b\\\Zh\r\si\Y7:dbE#\k\jO-o\:ٮz\+I\\0\Z\&/ى\\bg\Z\\\e\0Nm\o\\\к\eo\\8%ED@z\vNr1\J\'\یFV*W\;\\|f\G\0v{\jZ\8!0e\0	\QߌEU\\\nPX\@\q\V\\0.\d%\\䦰3\0Q\&\o\@\2\P+ߨ\\\\.\\>1\Hk\ì\\`\2v\μ\)w\P箟FZ\m\Zo\W\0TO\\r|\l\\&p0\;\rc\B\$XG8ON+\\+\\j\-\ϛUX\\k\\\y\|tx\\Mu\é\r\\b\\\>\'[|de{O\i\hUKXK\/Q>1A\|`e\\m\>JuZ\O\7	\\\\cm y\\ɤ\\\Lhh@4\l\ك=P\\V\$X[\\6xXkcfk\Z\9\\Dy\l\\P,b\\\i\Hܧ,3G_Ai\NBɸk\&	mM\rpᮐ:b\\\'f\\\H\/OG;\f\_\\"\'7K	4(\\V\\\\óE\b9\\Z*\\뀆Gc\raq5\\?1M{q,9o#W厂\R9:ҳ^FU*\h}v	ɫJ]\+\=e\\\a6\xu\\؉B0\举\)\rh\8)05-\nZ!\\k!an\oe\n\LM\r\\,,\v\3=Ikux$.\rMH]wf@Rh\L[\rY\\0\]%V\:5\\$\ֹ\&#\\\X.\\\\C1ߌ4Iˁ79Y\:\4\K8}f\\\">o\\#E|%\\\\ҏb+0Q\Y+\f\\\	xwo\rO\]Ib\}`Y\\{`p\CNd\!\\1:\B\!5\&۳㼋J.<}\d\;װ\l\ȩћq\\Z\\Z\\O40`^\\D\x\Z0G.Nho\\-\0\Q\G|%VFRu-\	\'x-䷷1\	\\\bm\\\[\|2c\\j:\x8ͥ\\\\\\^6&lz\\"mc\{LM]c-\qm`i$\\@\u\i뇬p\]\n]/}\Q ޷N\X\\\Jj~p7\&\|tf\ }\c\\[\b\;g\\&\0\/H\\\\A\d\]\#9\v:\\T\6ш$z\N\Rb5\n^d.F,_Z91\"1PDuD}d\\\xqe\H)\\\n\{\o\n$\Orn\k	\1*;v񐢏*̤h\n~ (^OYy,\\"X)_\0loe\A7@A\\\4|\ٿ]憯\"k\r\\;\\1\\p㈮\\/g\\\&\OqF\^1HL˻\\r\\\\:b\\\q+\\\dX\\r38m)\\-\:oy lL\\΄\ڎ9ʼXrIʜ,(Wx6b\0x\\J\X;m{Ás\aP0\\r\>9\h\&\8\F7\`\\\s8\N^wu	\k\}楼\V\c_҂\\Myb_\'F$\#t\\\a]L4i+\\Z\0D@.#\p9icUvڄ! Ғ<\\\Ʃt\#F\}\\wC\\m\")\k텰h A,\\/*\\68\\5\Q\\kZj_)3ý\Z\f\7Pl\Ya\\9\\#\r\si=5\0^>Ҡ?8E\n<\\1F2A\@)Pp#\2mB:\\̰(	\\ĺTBWo\r\CX\:y138w\y΀>~\c]`:\by\Akt\"p^\\LE0\'0\/|8_i4ÛBz\ᄬ}\|;=>R\_ƟXlឤe+ciT-\tnaV\;1Í7G\0bOu\.`O_ۖXy\5\\<:\\RQ\0&b\'bb1\\"}eq/\E,\'\qEttD1g8\"{\]yII\_s:͋e)zS\\E(aa=lICF\$>rZ8~so\\Ւ|\\\2nJ%K=:1zp᛫xbW\0\y\\K\9oMqn{1\\\\LP:pT\<kH@~\\]XR\0(<\\na\"}ur\\|`>U?\C:X\a1YӤIخ|\0aWT\N\QI_\\a|7[yx׳uf\rڨ\m\\I{d#+\ u1D\Zdl͝ $奠E\@\pLlwW\\@|dm)b@4]\Del .A\rn\5E\\w1\njL+{]x\'^;w\OË4\W\j\ \05\0hh\EZƩQO8\=\\\0k?Y\r;ďj`\+0?T\˶nt\\H\\\\p\"\!҄\t> aN\.\.so;JC\Tz>\a\\\|9-\Iѭ]bdPUWȔ\[\Ӭd\"\י6d+6\f%\n;\n8\\6a+Pֻ\\Z+BnkJ>)jl\f:a\ӟ>mA\'\0\n/\3d]\aM$\\z\jAZ\'0\/%\?\\\\\4J!\:r(m$\\\\\n\0\ֹ\.\\\\\0\\\\\U^vt\YΖ.[Br\f\#IӜ6\x\E7\\n!-y\0\!m\Z2	\1\\\yB\Zq\\k\Xg\O\&\|\"\8\ŧ\w^n\nS9\'fn2sb\'X#NÏ@\&\l|bY>3Bf\r9\2^QO\W?\rlCq{/)8\L@\*pf%#\bz/ynLZ\)\.}f׀\W\6\\3]\lG\Zf\~{\\ \8Uc?c#?2H9Q\n<T\yC\k\%V\[,{\\G*ã\P:N\RDA^F\ߓs\+#\ {Pv\r3/;z1\x\\\\ Bx1~q?|B\\8EP\\q\@o@Ru\F\O6bf\0\n\\0/>\x\l+\\ \"\Q\\0$iϜ7Lj$\~\\05\U<8\0D~q)sC9Y\;<z\!ϙ\fw@\ř\"I\\rACD\\%^\(R\ް4\'\\u嘔\"#P\{\6\nf@\bZ\F\\\\\n\Ɨg\lD!Z}\n1!\Mq\\\K#\nS܍z\\bɠ\\\ \zm\\\W\/\\\NE\dN\b(\r\̒\0V*Db\񖪭}_\bV\_\bYxEDqM R\"{\=Jf\z\\4̚h\`zrm<s\\X:v\\Z\\}a\|Dd\s\m\?0#t6fTB)Q_\\\J4z\\\}9ˑ\)EMx\\v݈5q\ZUDv1\_XoFru\_840\`\]^>d\\0ז튦a6\0r\\QDQ\\\\0̡>A\\?\\)B(o2f	N\>,n5\c\\\É;D5\0\*o;\ӎhZ\0uf>\\]	\Q^dzP¯74\`e~&w9\\v%\\\0[.\\2\\R}\x9iɂp\W\"[\kí-\0<Vli\0ڻ(y=1\(\Öp4/\kc\N)$w\\\0\@zA:p\"\xz\:ΔL\AG7ɭ\	hqh\tN\ɯ\	\9_\6\Ă\<\\\cY|pLw<\|Dr\\E\pe\_9v\U<\r98r\0\\\=%ٿINk}.C6YQ\'t\G\\/$霔k\\dBb\r\r\\\\\\r,yoNε\\J\D|\td W|С849|b\͚A\x)u\")\Z\֙\:üSl\Z&\KFW\"ЎA\\a\nh\0x<	\[	PBh\3ճ\rH3[b6\\\\0OYOH1c\ZJ\}w:0lI޼\\`\0o\Y>[\Zسw)t\y\U	!\nj׳*Q\\3d\W\[Bt[>L\`y\[\\	_6dЬ:\g#\>L\\\bD\W#w`@4lg\Z^Y\!C\0\ǀ\<e-ZD729\n>rZf\};x0ۡ&n/^n!^wt\oˑBLU1jgNi>\k\)\r\aNs\>q`y	X;\@~\\*l\jh\\\\J\'\U\\>pBMݟ9J$2H\Xd\\\01T.U\n9\	dEt\Y|`X\X2D\`\6sw\'I\0<d\<KNcTr\\\X\C\#\Bn\\\\\q\H?pZ\0/G\h|\0kOfUн\\!ӧ#_1W`s\*{>a_96\OXx8d\\XI昏\,\P\\\?\d\\\úa\\qcA-!\\98\\\\nD\\\\"*\\ \w\\8߷\. QxC	}Qk\\\Zs\\<ᕐ&Qe~7\$DP;\qy\\F\\ґô\J\\rvfç%R\\-Cl]\\9\ \\@7jNsz2Rr\[[n)\P\c\T\\߸yiH2\\7Wថ85\9y3K\J:8\Afw۱\WHDCӬ=\o\\g+\v\.\\\G\e REǌq⎕kk\0WS\\j\5`Y#-\9\>#hP\\\0\ W!!mq\UW^U\f\h\\J\\\(KT\Q\0\'خ[]w(O6b\\n۠vWl	a\rC+RàmBJ^<FS֍&\P\s\\\ZY\0\\55\\'vtҀcl̄J*D:MD9\@\!:{\\H9\.Y<	\C(<QV\\;D\o\0(hX#q\a+\\R4\N\\OZ+Ǥ_oAn\\|\^\mޅfȦ\Z\\"\\\\#\\9;&\1\"\"9Md/9\7,K\m\\xŷu/;\ÒG=`AH0\\\\"$\	p8i)ԠwZ\\3`#֏\*\x\\\`9 \,\\aC\\!I:\EhKh\'Qm\iJ6˹\4#$-ܡ\^hJZ>N62ֈݺÓ+	Vx\\]G\e~\Z\\ΔF\;\yp_Fժ\9u56Y\!\nSB[\"X\ۆ#2t1u\\r\\яf\V\+\a\\%\EҔ|R՜h\O5j1Qwe\a8Eڈ8\N}]]M\\pFxU˳\M8e\"\O2vJ,Dx\\˒l\"W2Mx1E(\NS$z\e\Oc\\\\\\<u0z\n<e\7\\ބ\nJ,\E\\kWbiGOYiYt\\n7\!\rK\En?\dk\]k\Tf`G5\sn\\0Mo;o%؝e9\E!\n	\?T]vL|q\Hho\#>Ὓ3]}\)DI\7ߜ\r9\bB\*5bR\7\Y]`\P9\Þe\D\n\t&\YfQ0!\|j񚅢\;\.|.r\\4\\'\r;O&\\0x`&<v9\*ݿ2Vs<\\\/\X\9lz\_b).\qo\'+\	\\9x\]\"3u\w2Gk\ȡu\`~q\T\\D\0q,E.R\\Z\\x\T^rF\s2\9\\[	F1Nۦ\0\oy\8s/\!8\<eiyˢ<\ǎr~X$ؘ\ǜ5\\x\\\+לF\G\D87+{6ۚm:s\~sZG ƦXDZS12Gtۃ\\vʯk~54S0n\,v\l¾S\1\\Cue\0Q88\n}\i3Q\\my\A\\@\C\\>Q4y\\|\\n1kC\2-)S}\\S\\oLp2\3J;j6vM櫁]kh\xǃܜÓ\أlz\ٍb4%-\no\1\k\\OXִ\#\6\\"xr\X)\\\'\$\NP\g\Pw\Gb!)9T\sT\|\>Wbh`|W@\C\0ڎ\\nx\r\`\RĳfP\w6(kxχNv(%#7>DDő();֓|T^Pޱw20\'#5\r;M_\.)PGBK0\71W\\8P\{p:?b\\Lb&\n\\B~\Z¾GD	i߼9H\y\ `.\"VBDBl\\\#h[/Cۿy٣\o2\\+e\$x\\4^ͮ\kX)\":\\\Rt@hFq?.8(Cv\?fFt5\+9M ]h\8B^\'/.˽N;Å43P²ۉ\IV\|\WR\t/;oM이ڼ\\CrS\;\\[\Eɴ$]\`ŏE%\E/+\r\\0\&tɂ\\]j\rm\Z\Pb/pӤ(mh	\0@\\\4c	=?C˛\݀3\jy!DGvFэ9n\\Yg\n4*)N\\r@\\0?1GU\\"\E/[.\\\\\Vt]\\|`\~\SCh<\\\*jF\Ky\\up\|Վ\Y\Io6\9pA4?Tы=\N)Ȫ\\\}tl\\\xb5\\G\rpp\\LF\qk	C \Y\=\Z\\69/\rߣhHA\\x\-f\׃5*wfT!Gd\wx\FPl\\V$?\n]e\ԚTtnXt}\C\r&ƪ!p\,\NJF]q>q\0aC6<&n:9xqyq\gӄ523%	\:V\ڴH\x\x\\3\ۇ\ \0-,&*:\̔F`7ύZapq\0®](U ժ\~EXo\1e\vFЉ;kx<wV\\\]\/X\\Zh\\-\Ͳ\'\\0\ה:T\ \s\nR۴[+9\zMsz	`v%1J\0\a\\,*\Z\^sh\xɎ\\leʝ\/S-\n߬\n\={׮ppNb\^^2(|\\׌Ө|\R%\!G^\{IяT,\NYOxUڦp\28	x\\0\e\\Q>.\'\\E\"\\\&\\;$\ּb_x\9\V\z\q7ɮ1\r!\\0\\DóI3\pD5׼\c\-\a7\ Տ.	I<c x\hZ\|\@Y\:2\[d$5\h\\\?X\\p8i\\`9\Rx\\=.MCS\F|ߎ)\VAdKj\\0CKgv\An8w\\Ys|oc\C=c\2.Ss\0̳\\( \4w 0\\\lji\\n\"1@ȈK\!\C\0\~\Z:\\+]\0r!\\\\=\\r\Z1t&A-o[\!wyz	\Mdf\rG6{\^fײ\\<h\0M\}\0: A~pۢGϼV\z\d-~^0\\m\nz\\BIDGj?\𡫨r\L*Y*#f4ݷ\6\n\8?U\$\	Ы*-\a)²{rmґry*\O9*!\M#\LDR;:\dZ7HL\\݁CI\n<Mɇ(>aa\ǵ\g\8\aL\\\{\%@\\wX7\\6\۬Gw\B\G\޳Qʍ16]\0r8@o\\'\\\d\$Ĝ\ԩ\</AMu\\0zǊb+˶3>Y<\swLh־\0-\ö\0lkkp\%w~g(g\Z86\{oX\L\o\Odb\\gŪ y\C\d|\|\\\No\2Ԭu\i!\n\ /{\E(1ҔPY\\\n\\ߌD{\\ys[!#u\nd\0\\%E2j\\\wЖ>Pr\@}ssCc\m9\;7\R\ o0\Ҝ`)\&2`<1g&\\1\Z_ۄK-ې\n\r`+\8?ɨPFU Xr.\n\\`P\齼, h\p9\K\GM2J5\\0C\m\Z\0q\#y\'qzѠ~g\<\w~	!\\\\:tɾsG#\\w(\3j\o;\2\	Az+\p\\Nv\7X-O)XY?+òI\PGhl\\3\%\\]r\8AV|\\Z=`;\=\\\\	\u[5%\gg\9\\\P|\ aBy;9\.\\a\ޢo~eY\h\f޸LC؝e\_\C\r:6Q:\\\Z\\\tʦ8DB؋ɴ2^\=\0#	sM~f.U5\#S\0\s\\"AG\\Acg3@Ch\\{U9\b;\`3`)t뤾t\Dx~p\ \\\FiWG\>\0_\\\\.: %w<C`\ \8dw\0o\g\r\*.\~\\\؜w \\|P\\.\\r-\s%\09i;/ہ՛\`C\YXkpq \\\ryJ{\\77[x2\\XMOmm\xG!6ýz\;u\ISWm\r\rf\[\\.|#\/f\\\#]?\'?f\\\RA.k\\JO\\k۠ʸEt˞0\\\\\\0|\4JiVg]=OS7\\1\q\l%j\\K8\'<u7vH\\.p\\\r_\'c3	\\;ǪeC\\$C!G\ \iq@\u`*:y~\[uG\Z\La\r\"\\n9\\r\\\n5\\QT7ۊ\@Ņp\W\N\ۤɷ8]\Y3\s\:9\̼M\qp\Ds,\aL\>p\ 8\P\\\Ô n\\l\'u\0ia\\z\\\МWlt:gu\!}\0\&\v	@iz9Ε\J\/_\$]u\\\\Z\\\*j\\\nP:\;McH\!IF:٬L\Zq\3+z2\'\6\@x\9(A\h/\w\٩L%n\\Ưg$Ks\\\3da|`Bv=xp\Ÿ=\5\0_\ZM7Zc\K\\n\\\8\A?F,\n\\\ZڼeF;@,=\\Jl8u*n;4=y\\Wl)<\#L]xˢȵoX08\\\0\\|ޛ\0m\nOv!\4\0\n;\\L\8\y\"^\Gi)[\\ \0Ǥ<Ҥk**\\k\Zg\V+EyR\\V(H\r$\(ۤ?\V9Ȅa\8!׷%_\j\+Eg/\\Uuh9i#\.j)<bDoWMt`\XIԣ*\9LVk\8>p58\\UMHja\\"1I4\\\PP\\Ό1HV:1Qy򙶄\fԮ_\ys\F-w\rf֫~wM;^w\o C\­\ Բy/Zq\Z\޳h0szrZ+T6i%\\\0 \NIn@*;Bˠ4\,}#_\\\X#@J\g=ށ\\vfW\q\e\\\%\e\Y\\\\n۶*\\\X\B\N5DTM\r\\'\x\U[4Eth\"\Ϭ\`F\\\0\Z{rPG8xtN\\4fքyPOK5\r\XH\ZzPkW.m~\\2\\\\\0X\M%rTD\0>\\uL\\'!{2\@-Nz\6K3N,\\l#<1\0s1\%q\|\j\%s\\\r\\q5E\\=\mT\\\\\)CW\\\=\6\bp\ry8@\\N;t5~ް\\\~I\ `n\<\ W\\	Y%\<\4\\\\	JKfj\0+\Ɛ\W^\03P\o¡`\\\il6!Y\r\qg[w\		\\"UaR\'\U`E>cP\\रd\0qE.\X9\k58<e\iU\\\LL:t\zS\p9Pn\\SgLs|\c\\bڨ#r:4`M`\n4fC@V$\\u\N 4Zb\-z\^\)\bhN\1/\0xi\\0&\r4WZ\F)v1\\+\)\R[\bK-\0E\\+&\[8\\R&\.WeZS\xTLnu0+PMd_\\Zþ_!8\B7\\0d/xlHko}|a :\\\\,CG\f7\0C\n؄f6\qy*c듹SxҀ\\"\\(\\0dxfXI`|\A\6<\'޸\\+\rp^5~@%ˮ|n\ Q\Z&.<\0R\\"/P\\U\n\-@1\g>iZC\\\\/`e%/?xB|cʕ\\Q\\`17\"REayM>qdg^g=Yh\rG\N\#h\\ZJ\0xud \'\\lC2nO>*\o+]\\pTґ3]!(r\_ܰ\0Qnir\\\;ۜ[\n\[\Z\%\\rU<\E6}9B\f\<	\7wZG:q6\(\0T\38\9\\&\L\q\SpݻhJ\\\1{\q\⎩^{GL,Py\\0\`䂿\<\\\8\n18tn\"n\pES7\C\\JEŝ{\«pD\n]\\1\\0ضAO.$ij\k\k\\ />\SV P|\B\<ӌ!<\0U\eQT\n\P\K|Aۄf钎G;ǚ\\Y=G4\\WoQ\\\Z]KkN\\\3l\WSۄE4E\	F\y\`	8b\"ZI\Q \=؋Ntb\:E\\\a,\rJh\#\blq\!\Z}\7\ħz\	\VrU\0\f\\^y\т.\c1/(\X\\<y+\\6\!Itl!|\x{Է\0\rFX_o\mM֛ˆ/\&\n\	\'eӝj\P$NWC\bky2\S^ot\ѭ\/IUڨ\\\\S\c\zJObFߡ\Cdl\ZPÃR`6۠0qh!\.8G$\@]\6x\n,\\\_Nh׬j@xhe\{r\@j]\\B\)!(F\\ĔriΪ])Қ\\VGA\\rXY^\t1>idGg\̈́\\4f\p=\\0 fy\0w\8j:KM#GưH*\q\w4E~\\\0D\@\J|\'og\"V>=b$E\\!	\647\1\\9\r\$Nxz\6m\87\\gp\v\\㣢\0\(l@q\\\'\<Mw\(\VYV\>Y瀁zį\\0\0@pI\\\x\\"\\\\(bv%$ΧyFP \IIv;9\9gI-\n\@/[v\\@\|\F \k\u8AFr\0z;=NȚīR\0\b3-@)\	\V\&\Z|\O\nR@|+\P\ f\n!B\"Ǯ>\y\+	&\nߺ{V#ȯ=\\C\j\S\\\\0\\ju-j\\C\\EٳNν|\#\186M\0!k\\&O<#@mh\p\\0nZ({j\\g`\ykNGu\\\DX\Zx2\ra	b6_Q0Ä(\\\0tN\N#\*<\\n\Z\\\\%jG]鱻\\1@\W\M\"\̿	^a;Mf8	Se֮d&Yms\\0 \Y,Sz&8#\n\\;U?\D/\s\\!iN!9\"{SOi\@cMo	5ρ%S\?\c#x\\\U%_c\qtMF\遃X`f\\\\p@{bpp\\;:\\ yz+scPv\ZB%\l\'\\ni-A[\\\\Z\0!|Of.3\$Sb!ke\r\f]`solkn\\&%z2\_\\A\M\n\rp9\{\\4Mu~L(\T\܅\0\\\#s%\\3\\f\t:.pQ>A(h\T\\#i\ ЋJo6Qk̇wX_\\L&\1bٖ:\n\E\\\s62ТI<(#s\0\c[	qeV3\B\>[\r\i`}\uF\\4\\"=_\!&o)Zb	>E?˜AQz\0w0\I\k1nyI\0\<W/\-\\xf\n\oʌ2CzhlrI	4QvͮJ \ -@]dE/\7fl\\\ZǂW}Tlx\i1\DU\HH$In\VV\x\0\\0\j1I\\CzB\Xl\\0@93uv\py\3$E/%\\seE-t\q\hKKw4yF\g\2\0z\X`T\[yۼT. \`19\\Hxc4\~wP\ ;nyGї@>R\0,\\፞7\Fo޳oB\:;\\Lҿ\&@|>X%B\xQ>|\\`m^b\Z\t\d\\\0.S%s|\=ci0!~#9[鱻\&+9f\\0MK\Gp\rtyw.\yG	\\I-{\ËP\ٳܦ	{+\\&-,DI{C\D-\f(޴\ȨbPAZ\[m+\bb5[\0#\ЃFﯼgl\p\0\n\Z\C&\~ED\juy\Ê\7DӀ\~q\ZC\W\\b	NM\"-$~0+%L*w\!\U\ (\\nT\Lw־\8[&Hg\\T{\w1QP7\<LIa	sGo\˩\ Ywa\.(7\0\\B7Mm\m\\\@Cn\"H*!\6R!T5)Y/]C5D]B\r\vN\00\O7\r4X6\\k @0U\dw%|yV\\k\r\Pv\Z\\rf\B\Z\ȵZqЇ3\n\#XBN4\^,Q^=\Z?I\+%9\0w^\Zrե\k\T\p]>Jrڼ\in+%Iy\0\JTD 0yti[Pf\YD]\zl!fRu0a#e6\O	\'t7\)Xhc\`&lگ	*c\O-fh+VC\f+g4M@h]m\u\\GQ<uYBsZ:\$P\\\Õ;|\\e*oi_$z\&qh^|\1\4\\4	6:\M\068׬{s2n0_*\tp\Dh{a\r\8\~ca\&6I v7λc!QN	Au\͵S?\\1zb\PӁ 	\aD\\\f$ao9ʴD\\kAt]=.+u\-ym\o2{{4(0\"k\\\	V\n\#a\\l\!\\\\\MR\Z8r\\{v@\\^sE\'#\,\nw\(p\\A8\lp\Eb\vQ\ϘL\̀y\G\tF\n\Q\e%&\6l\0\\Z\0\\՞\lIn\\!z\o\\\f`׉x_<\q*lx0b\@\[-\\\h\\Me \i[$t	\\U\!k5o\w2lO\Z?Y)\^\kD3@ksIvqĭAn*\l4Kx\P6\qHǢtkŇ8\\Ԕ#\U p&\٣[\3LoHho`\6ad}\X\\Ӭ_\\&[`ܮ43\<{RPѮ\\\Zj\\y T.	\U\:)]IwN<\$鉬#nӟ\+nݼN\NM\x\o\0\\n%]2rA@\"M<\TuٱM?#wUIѠw\V\Pb\(gxzN I5\_8	@$\\vO*bJWWq`\	\W\\\pvԀA\\"h;\\L*o\\n@XPJS6#^]Lj\=ygI=~em\,\qiA)\r#d	LQY\Nq\g\R\\k%J\Z\\0x+쎅\\+ \\m^\}=4G&NJdy\zx;\>\	7\23\n\\\i\ZG\:\0&L\C[퇺^cn4e4\0\!Y9%zO$\Z8Ơ0\\Z\3:q׬m\7ûx<8\\\k1\n)\{{~u묔=\\\cp%9s\\<۪\'b\\ͫ\\;ta9V)w\r2\R\Uwɕ\j\|\ɶ4\'@y]yLreg}\\MM$\\ʢ\\\-\7r`BRh\\:1r\T$q{|xOw(\nTR\\3S[F\0n\\nO\\n ?\7! @\\\Sޡ	h^6$\H#\7MxjbfW\0\	A\\Ȓ5=Tb%6ſΰ\n\P\\\\,\"{4G5F}\0\"q\MB_>EΔOc\@\5 p\\<{ \iC\iq\r3\\3B*\T\\Z[MR\U4+\|f\|\ma!\'}aK0yo\\$W\?\\0\\S-aW\mUunN1\C\\M+\\xW\\\\\\"D\Q\/XQ3D\ċ\\)+:+IG|\5·@?nఽU(f+ѳj\*\SG\P-D\XʔHr\"@w\Tq\\ʓ׀>r/\x\£\)0\\Ǣ\\v\!D\,@=|\ \\91<\7\\}\\TR\\o\E؅NK\\\[u\׼#k\ߏ\I\p\'c\\0\lM.\\8>pv_d4s\t\\\\\rTI\6e\\rԽe@\n\nǴYkh7\_x\H8C\/\w\M\\\6\EH7s<t/Bp\`rQ\?\`qR\\=.\0l\:><\u\\\\\@ٻ\íQƤɆU!AѬ4uɅT[Kػ\`fb:5h\SR\tL\JNDJqpU\.Z(ڎk\'\IM\Ӽ\u\"\\\\.GdKjB\N\\%Si6\\\08&;Cc\!\?;T~0GbDkֳR\\rG\A\[\IN\}X⊌}.Mg.z\\KcP0\1/֗\n\_\\Q\\썊.\)\ǁ!n8{)}I\Б;GZ\n\qH\\bbp`]\\\٤Ee\w\\n\\]?8] zC\\%eֆ\\'7#qw\L]\y5\n\\\0{\JF\\x\R\\\?\a\S\"2N\"oc.B\0(6@3w\\&\Ma\@\x/\09*pzǄ\\X0QKӏ0.v\!@_TP{C5\aQƺW\si`\N2k\0r)\\0\\$ɯ7	\=p\\\Jx\\\Z&54\P-\h%a\\H*\"\Z	燎16K\j\ޕT\r(\\_NE\\\4O\nh\\pf)3^\vk%(y\jG)\lM&{qf`D~E~9\^C96\\/\Ԑc\r\0\ͩ.<\bܰp\5A\>2N54w\JڝpT\Z\}\0Xh`oY$C\\\0\I\n\'}jx\n\r=x:Xb6\$/\BU7\9\rN}\ӎ\"\\"}\塠Q1$7+s\Z((N/8z[*\{7\4qQ`\r\N-U	.\DZzq\f\[v\ٯ\oԀ\<a}\\0|`r֢\<\eA\9u)\gcL\n^17L\\\h\uF\\.>F.\\nc8N\1Ё|0D4⹎M✬SxSS\\"),C\i1]|\bXP 	\N>\\\\}bMwLH	\mI P6\?-\\=\\O2\q:\NW\\\rBN56ң\Z\\r\r0Ih\ \\\ZN0\mOu\b詁%Jk\0WY\lI[\ \לX\|\}<n\0\\n׉\"#\0\,bޥ\Ki,p]h\\\ \"\7M;X@\jz\Dv3J\0J6CܻChGوȩ\\4Q\5O\\.?\\x%q h|-0\M\\\q:Aۓ\"\\\\n J\EלRP\+I4ߜ`OAcK{\=~i1\iU\y!\w,L_LvGQ\v\\\U\iGn\ʨ0\k\\bD]\Z,Qgш\\?a:\r>s\\%k=\eU7P\Z5\\hNj@z\\Ϝ\\\'L_TL]\{i\x\>\<aQ̏q|␉ٍ\Uז\\X\Hn\N\8<ay`JE.lDM\׿l~\0XESs]\7x\k\->\o0\\\0-9M	>1\\\mG%\^X\*\'\n[\\	$\FX\r^߹!c\\ng \\0~\ZYSyn:\\0K	#0\\\0:U\V\\FÀ&կ\ܱIv\&\'x\\Ich\\r_5\gcÜ#\z\\?lU͇\)\ӞS\3h?x\0\p0ؕ]k\Z\;)\\\\'\\n\\\`)\	\Z\a\\\\\\3ǌ#p\\EC\	CN\D\ o<\A&i$\޼\7uz\\U\sC\CBMU\LH\\"؇NnZG9*.8\Y@\R\\n@l3P\\ZTGh7L8T\f\Heb\\ZMNz\\-\\rs.Ӭp!h#\n\r\%N:ή$W\a@♪m\=\\]_\]\Zē5wģ\^/&mH\\R=\%^-\m\",9\SHh\Jŷl8pHC\\e\9\Q7C\\dw\"~8^f]ћ;\+{ƒĵ\U0ZZܛ$կw\3r\םc@o\&\\'q\\:0\_M|̦r$\ZsZbW\\@jr3y\<\g\!:9\X8\\p\\~U{\Y+)dMA߼:1\HVzu\0piCZ\v\7*U\A]\pn\%ۿno7\#0\0x E6\ٛ\mIT.r\":0\3{?͉\N\'^1gLmdTގ1<|F\1\r`\;\\ϐ<\0|gX$\0x@Qؚ\2ٳ\\\09q	\09\\Y^\+ew\\',2002,0),(2,2,6,'Η Ευρώπη του Ψυχρού Πολέμου, 1945-1991: Πολιτική Ιστορία','9789601603995',NULL,'Young W. John','Εύη Τσιμαρά-Τζώρτζη','Πατάκης','ΣΥΝΤΟΜΟΓΡΑΦΙΕΣ\nΠΡΟΛΟΓΟΣ ΚΑΙ ΕΥΧΑΡΙΣΤΙΕΣ\nΣΗΜΕΙΩΜΑ ΓΙΑ ΤΗΝ ΕΛΛΗΝΙΚΗ ΕΚΔΟΣΗ\nΕΙΣΑΓΩΓΗ\nΚΕΦΑΛΑΙΟ 1: ΨΥΧΡΟΣ ΠΟΛΕΜΟΣ ΚΑΙ ΥΦΕΣΗ\nΚΕΦΑΛΑΙΟ 2: Η ΔΥΤΙΚΟΕΥΡΩΠΑΙΚΗ ΕΝΟΤΗΤΑ\nΚΕΦΑΛΑΙΟ 3: ΔΥΤΙΚΗ ΓΕΡΜΑΝΙΑ - Η ΔΗΜΟΚΡΑΤΙΑ ΤΗΣ ΒΟΝΝΗΣ\nΚΕΦΑΛΑΙΟ 4: ΓΑΛΛΙΑ\nΚΕΦΑΛΑΙΟ 5: ΜΕΓΑΛΗ ΒΡΕΤΑΝΙΑ\nΚΕΦΑΛΑΙΟ 6: ΙΤΑΛΙΑ - ΤΟ ΧΡΙΣΤΙΑΝΟΔΗΜΟΚΡΑΤΙΚΟ ΚΡΑΤΟΣ\nΚΕΦΑΛΑΙΟ 7: Ο ΘΡΙΑΜΒΟΣ ΤΗΣ ΔΗΜΟΚΡΑΤΙΑΣ - ΝΟΤΙΑ ΕΥΡΩΠΗ\nΚΕΦΑΛΑΙΟ 8: Η ΣΟΒΙΕΤΙΚΗ ΕΝΩΣΗ\nΚΕΦΑΛΑΙΟ 9: Η ΑΠΟΤΥΧΙΑ ΤΟΥ ΚΟΜΜΟΥΝΙΣΜΟΥ ΣΤΗΝ ΑΝΑΤΟΛΙΚΗ ΕΥΡΩΠΗ\nΒΙΒΛΙΟΓΡΑΦΙΑ\nΕΥΡΕΤΗΡΙΟ ΠΡΟΣΩΠΩΝ','Το βιβλίο αυτό είναι μία ευσύνοπτη, ολοκληρωμένη και συνεκτική πολιτική ιστορία της μεταπολεμικής Ευρώπης, από το τέλος του Δεύτερου Παγκόσμιου πολέμου έως τη διάλυση της ΕΣΣΔ. Αναλύει τη θέση και το ρόλο της Ευρώπης στον Ψυχρό Πόλεμο, καθώς και την πορεία του κινήματος για την ευρωπαϊκή ενοποίηση, από τις πρώτες μεταπολεμικές αναζητήσεις έως την μετεξέλιξη της Ευρωπαϊκής Κοινότητας στην Ευρωπαϊκή Ένωση, το 1991. Επιπρόσθετα, όμως, περιλαμβάνει τη συνοπτική, όσο και περιεκτική, ανάλυση της πολιτικής ιστορίας των σημαντικότερων κρατών της ηπείρου (Γαλλίας, Δυτικής Γερμανίας, Βρετανίας, Ιταλίας, Σοβιετικής Ένωσης) αλλά και ευρύτερων γεωγραφικών περιοχών (Νότιας Ευρώπης, με ειδικότερη αναφορά στην Ελλάδα, Ανατολικής Ευρώπης). Η εξέταση των πολιτικών εξελίξεων συνοδεύεται από σύντομες, αλλά απαραίτητες και εξαιρετικά διαφωτιστικές, αναφορές στην πορεία των ευρωπαϊκών οικονομιών, στην εμφάνιση του «κράτους πρόνοιας», στη διαμόρφωση των κοινωνικών αντιλήψεων, στην αλλαγή των ευρωπαϊκών κοινωνιών στα πενήντα περίπου κρίσιμα χρόνια της μεταπολεμικής εποχής. Έργο που εντάσσεται στην κύρια ροή της σύγχρονης ευρωπαϊκής ιστορικής σκέψης, που αντιμετωπίζει νηφάλια και κριτικά την ιστορία της ηπείρου και των κρατών της, αλλά και που παράλληλα θέτει τα προβλήματα, τις αναζητήσεις και τις ανασφάλειες της σημερινής «μεταψυχροπολεμικής» εποχής, το βιβλίο αυτό προσφέρει απαντήσεις για το παρελθόν, αλλά ταυτόχρονα θέτει και ερωτήματα για το μέλλον της ευρύτερης ενότητας, τμήμα της οποίας είναι και η Ελλάδα. ',488,0,'\\\0JFIF\0\0`\0`\0\0\hExif\0\0II*\0\0\0\0\0\Z\0\0\0\02\0\0\0\0\0\0\0:\0\0\0(\0\0\0\0\0\0\0B\0\0\0H\0\0\0\0\0\0H\0\0\0\0\0\0\0\0\0\0\0\0\0\0\Z\0\0\0\0\0\0\0\0\0\0\0\0\0\0(\0\0\0\0\0\0\0\0\0\0\0\0\0\0\0\0\0\0\0\0\0\0\0\0H\0\0\0\0\0\0H\0\0\0\0\0\0\\\0JFIF\0\0`\0`\0\0\\0C\0\n\n\n		\n\Z%\Z# , #&\')*)-0-(0%()(\\0C\n\n\n\n(\Z\Z((((((((((((((((((((((((((((((((((((((((((((((((((\0\0\0Z\"\0\\0\0\0\0\0\0\0\0\0\0\0	\n\\0\0\0\0}\0!1AQa\"q2#BR\$3br	\n\Z%&\'()*456789:CDEFGHIJSTUVWXYZcdefghijstuvwxyz\\\\\\\\\\\\\\\\\\\\\\\\\\\\\\0\0\0\0\0\0\0\0	\n\\0\0\0w\0!1AQaq\"2B	#3Rbr\\n$4\%\Z&\'()*56789:CDEFGHIJSTUVWXYZcdefghijstuvwxyz\\\\\\\\\\\\\\\\\\\\\\\\\\\\\0\0\0?\0\\:b\;\ߥH\b2B1 d\1t\̽;Z2V\f\\n\y?+A=\\4ZWܡ\kr>om?.9=\r5C\\H\\\rg\0\4+np\n\\=;\\"͓\n:rGB\\.d54\\\0-.\-F\V*ˑ\R,;}jd\\0\\0\˃z^\dUq\\'R`3#Jyo\0=/2o*:5\'\0?\0E݁q\}c?t\rX\\\0\0>U+p((ݛdD\"P̧M\\6{\D\&ܬW,\F]X\FTd0\䛔P+Ii̞lJl\az\<\gy\_\bf\4ev`g/PL\h,2)\n+̪<Z}P0( \\\5\"k-n\Es\\,\8hb\\\浓G\\X1\\D\\ڒ\o\4*|\\'\Z0[\H	l#b{\`[ň\\\bWq\01y\'FIf\lI<\0jDZ\?\\\;\C\\-B_^e	\\\7E\nX\\ZWU۞̆\0Eu\TmK1p\\\Fݴ*UNT+{g՛d\ 8z\A	\ZX\\o|\+&\EP)\r\\\\\U1\r\c\\m\n\T[hn-Bm\b\0\x\0\_Er\N\0]\"\Ii*{gg\ݻ\Q\\_\\du\HUp\a#\vo*BU\@]Q@(\}+\v\KG<\O$1h\4;[w\\"2@I9*\4ve($#jyǹV\j\fG\V&ہ\\O\r\8\\u\Ka]Ny\7\"H\e\v+\K\\\tYnn\"QhaQBzu#\tw;\.\I\Ijc(|n8\\\6\G*OX\Tt\V\Y\\8 \?6;\"Ε4\:]Qy7${H\\A#\VXPJۤ\>\S\(cCN4hfEdY\nʤ@>\\=)Y*r3\Ө((\n\g\\\wF\C\JU\\tٸ\\\ើ\b+p(((\0(\0(V\\EPK\V57:\N\+\rcHME\ZDv6/\%<RQ\߲f͛\8ϸ#־S_Ʃ\\i+#\&/w\\ࠎ\tA\Q)8c)\ޟ\\};VXѬfM]9\f)8\$r\$\\"Ki#-ŻYUP\'##CG 4^h\_&Q!+\o6\\r#T\\vpk{E5\O\\\GIS1\ۈT)ɻ}5\\<O,I\Z\\.\1\\9$n9\\k\;ȍMK%\قS=2\Jmr@^+\j:\Y\-_&1=\\\w,8\/\0F	\9%,a\|\jmW]ѮX\H3	\E~rg\\T3iۮ5ı[BbX~O-#c.xIT\|L\ķ\\I%\XH!	C\\Uhi\d`\\>)\㳽iu\Y\bhW\\7m*	ʞӜWg\CK=\]s8H]oT1\0qِ)_\0(w\v=\~$\avo\!yv,ŷ\\|ry\\vo|}\\r6X\[{&^&C.W$\\Wٖ$#Ƨiz2j(C/ux\\o%_\\F8<\>\̺k{}m\"\B\^\N\Cϻ\\n\\n\\Ѝ\\\\:\B\r2ă%\C\q\Zohk\%\#y\rY\0b\1b\'lJqW9\\N\<Et\=Ekc.^y\\9XY6l\'\\9\0\\]\-\\;+\nۍ>\͙u9`=\\̨\0R2\\\e\b\\^ɮ\\\\*ll1Ұ>!x\X\:\x\\J6\"\@\o*S\p99Bd\\v{X\:΃R\\\a85\r+)8+\(\\B}sXO\\쬮,\\\İȱNW(\[\\i\:WÇ\bIO͜cG\0vx!\q\\vE<\u!\B0W\#U\\z,t-\\VMMsw\?.[~˜9<\08\\W\Zd>L+J\`\\\0\\U߇\\t\\y_mw\y=H\\~\'i\\ZltB[%P\0\\=\G\N(vCOeZ\\\`މ\0v\\ g#\\|\^\\m5ҼѹPI\Ks\'\0O[\%9J~E\c袊S\׉xGR\ݮl/\|\\\+\\\m<6\\9\$\v\}=k\~\'0/ ĺ~\~\ï\ru\,&o\\?/NEI\{#wR˲OI\\P}CMF\\"II8\j\nM\	*	$!յ~\G\ĨQ\\\\\rMQǗ#H\޽\^\sN\\$\\u-P4l \Iރq\\\LJ{e=\\\\Ťq\6\plǵw+\48u\r#Y\b)07(\3\y5փji3\\ēƻ\'	\\Lu涼5;ĺ\r\\\܌m.#\r\/7:\\O[\^O\\u붞T*mQoQ;w\"\0r~f\kO0\n\\oX\0$\\\\0spz1O\k\y.t[4\0249\\]V\Eęn\\\2T7\0;=\r[\5\'<ikY\g\\,H\*IV.rx:׶\i>\0ӆP\ULg\\%\	\0\¦\oxe/{<$g!\V*\nJ\\9\+dqT\03AQ\g[\jooM`bV#b\\3իM޾\D\\\0C\0		\n\r\Z\Z $.\' \",#(7),01444\'9=82<.342\\0C			\r\r2!!22222222222222222222222222222222222222222222222222\0`\0\"\0\\0\0\0\0\0\0\0\0\0\0\0	\n\\0\0\0\0}\0!1AQa\"q2#BR\$3br	\n\Z%&\'()*456789:CDEFGHIJSTUVWXYZcdefghijstuvwxyz\\\\\\\\\\\\\\\\\\\\\\\\\\\\\\0\0\0\0\0\0\0\0	\n\\0\0\0w\0!1AQaq\"2B	#3Rbr\\n$4\%\Z&\'()*56789:CDEFGHIJSTUVWXYZcdefghijstuvwxyz\\\\\\\\\\\\\\\\\\\\\\\\\\\\\0\0\0?\0Wi1ݷ\c}\Y\"c.\=Dm\03*>lc>5A[#\0F_\$(\\o b9B\ĩܧ\K\F*ĴTK00H\\gJU,sGX9w6 gҒ9č\3\hQHN*8Yr}\ZnI;1X;#ck\G2=HFj[QLO,	$\ޚyR9\^\)\v%Y\\̧\VU|\\ЪDV$a.p}8g\\\	\^\#%\0yi\v\\S0vG\\"%y\\Wa c\'\\ON3R\V\n)@K\\5S\n\'\'R)\vdTQ\]۴\6;\\B̞\\ӷv\\\ٙNG\\ЪE\%\\\qܗWa\nl\SP5a}K)\Lw\J2\(\\\\0\R˦\\6\8+q\0Uć~RxʹU.\\\\)\0yY㊩mCt\ϝ\]I\\\R\0gA\n\0(&7ʉð\\K{7\,rMA\&O*\\?s\02TJ&#\$fП\9,\΃?\'\0Gt߹\0?NX]GBK1b@4-!\0oԊ:\\\0\LU\\\0޸\0?4\FEG+:\\\0\Z?m%\0\5N)$\#h6\$k\?\\\'eo\\J0v̑\9S|\yy<\Z.\y\Ə\\?\\07p,{\NI4\c#$T?ٖ_2\}\AvIMl\\~\0g\Gc\0>\4fX\0ϜTvM\3~\\olҘʲ0*\\?\0\0B\"&-ۈ\*^\0>6\\\?|m\\\05\]`3\?Sbb9O\=*\?|m\\\0ٚ[ߥ\0\n\\ VsāQN¢\\\0\\\/Q\0ύ_\\\\]\\S\',\0#\U\0\0\0+\ZwZ\0ߕ\0\n8%KeIo 	\d\\\-\\\0Dt}3?\r\0r\\r\_pQ(\L0#\h\\n&\\tQ%\"[ @UW\0pҥmm.\0m8\QH(\0(\0n\\\\"`88\\\\<\\Tՠqq\\0gN4G{k4(\"y	\nv>=ZB\\D`Q6\,o\ru\RKsK*#L\#\.\\?\0KEB.\\Dg\nd\r\r,PZ4a\F2ǀ>%eY|\b6xR:MmB\m\E3\C4TyoPJ?§<\T^\\\\&I\%R \A\@(\\gJ\OBq\*\\0QE\0QE\0QE\0\u%&\"bavGL\4E)f\&\:DI\2\v\ơ\na@\Nq\ST6\񀬿(\H\\Op(PQE\0QE\0W%yo=\\'fcQˢ\uPF=뭨\86\b\\I\'?\9\\\\wQkilc2\"\g\cI\R\l#\7\WGEc\m\\c\ۛpG7\H=7p\Ps\\N\dWP\\Z/VÀ\-[TP9\m.Rd\ڱ{y0Iq(\'I\\Z)\*<22\V2:\=EiQ@X\n`֞\72W\!$W\\rq튂\\\\\\sE\Z\Adh	ܮߥu4P3.d\\̋#!\1%\OQYV]\Q\Zd\0\\\x\\o%=\uP1tX\\}\;5\\/\fH\\\޶Q@Q@Q@Q@\(S}\\(\\n&\0Tܑ\Q֔I\6\f\\0{^mc\\r~5S\!𠢊)QE\0QE\0QE\0QE\0QE\0QE\0QE\0QE\0QE\0QE\0QE\0QE\0QE\0G\D\q^:RE,\1ݷ(/enʏgަm[um\yPw\\jC\AER((\0(\0(\0(\0(\0(\0(\0(\0(\0(\0(\0(\0(\0/*Jd_pS\ 1/\|Gi	e~Jg+Fl\\\?	\\7ЍaR\]yy\Kn޹\I-\\\c+\\\a\\t9i-\%\f:B&m\w\/\'9\2Nѷ%@-8\;xSMHŧ\F\Wg/뷡\\+f\nd\W苦\K\\ͫ%\B@\+\\zP6zu%\mu,DDnݰ\\=j\q\V14:\\\!R$;J\\s\Y3\Q\r7N\Z\\ç\,\;\ۇ8\6\x\\s@z\r\\\\g\_*6q\Z\g\0zm3X[\yt$}F{⸝^\0X\u+\8%\Z;*Gr|\\\=P_Hn\G)|\)wN:A\@=~\\\\6\\\ZL\\j\-\\/ʡ\vG\\\xr#<\W\I?dG-@s$)b\\' s@\wTQE\n(\n(\n(\n(\n(\n(\n(\n(\n(\dpS\-BNJѴg8=c]\\\\C32,ơ\Q\s\\R\;\e>,\\i\\;|\\ttT\Pu\?\%21*ę_\AJS}SMX|翴ۼ̻w\\ZP\Jo\boYeYd3ʸ\\\\\x\h-Y<Yw#pq\޽x\\zu|@<mm|\"\\\}\\\:\{VM%-\\\KV\KʥI]yU[\i4d\\\n\^\@E\rW |۹#4\CT5\r4\]i	\Kgrg*>g\\1\VL~)+{\KK\\m乷\ƃ\'r\>4^CIqyE^\f\c\ZNцs׭tt0\[\<\\\\?(F`C\M\wqC\\T~&X]?TI-$f9gfs\\کx\0D\rwT.C\Z\.e\Z1YPz`毫+0eaA\\h\0_?1kZ\0_\fIaU\K\"\Ux9c8ͨ\X\)&\\"P:\Zm\彧/:A{\79\\\/jv$\N\zr?g (f=wC\M?UԦ\66X\M%\W\,w3 \\H\@.uW)?\\\'\ɓZˍLxy=j\K]KQDC\v\kˉ$*I \\\ހ\\Xsx\u{E\P>\\pǨ\QE\0QE\0QE\0QE\0QE\02?)\IGVӟR\w-\\<AK)\\d~5KV\jM\Om\K\rϕ\ƹ\$d	\Z\\Z\x\O:\;tE<\\in5ҭ]%ڜ3\\npy$˭1hS\)g6\|Ŝ!B\\0b7\0@\0yK\E\oqKCrp>>ϧ\ZIq{,0@ɽ>RI\^\?i\\\\a\x\U\Xô\"v8=)\\M-I<D2c\#?^G\\Z\^Я5IiV\2Z\\\n\0a.s]jч\0_\\v\\\\և-唗WچxnG x\@I$Bǵ\0ouS늗mQ\EfڪbNt\UW\v\fE\\K!	l=\q\$q\GLB%Ҡ\\\\'{/K\\0V\0:\0\09$cq\֜^\ZwWW7wV\0f/)Q\\\ʻ@z榳\ \$|4Z+v\ ;Ӽ=\r@\V\0M\2\+\\nE~=2\[ۻ\ˀ\\2\QsP\0$9&kzLZ\q\<\Ap$0T օxjWL\H\'*OɎ\0jVHf\'bT\ \\\oNv\El\@X\_\r\\w}r\\ז\l\\J\9\'\PI\V\\A2\\0υ\p\0%J\Ec°k/3\B̐ۉ<\v+27g\rss\j\\J\\\;n/\r#\\\\;10\(#Q𽖧z\Ow\,.!\K2qx\8U\K\[Hn6yp;\X.x㞙\W\,QE\n(\n(\n(\n(tS\8\)DS\<;mo\\g\`O6=2~cT6P\]q\ȍw]%p=knnEyfەF`=\\LV9-#G\\܈B\A\ʓHW\\;I#\~mB\\I2\am-.\s\{\\\@rj:\uxd\\~㎀\ݎzcb\gO\0j\^LWF\eGHvfF\0*\\8\\;TFq\\"ơ$8\@	\f\\4ƎQ\"\Z\\\\ncn\\ei:i4W72I.%\2\YHŸ\\\#f(\\\0/\+\:4JJ1\|>V\dNF]J\\\\-\\{jrI\'\}(aEPEPEPEPEPEPEPEPEPqRS#GE(#R\.gՖ\!t&$J\$7\0\Ӟj^k+\FǚY\A!c8P1\=2z;6\k\\0MOMGUsM\nLJ\"5Z;O\#>\\\I99\ӵT\\Yh`fy.1bs\\\\@\ӥ\\\o \\\k\Jײ\-**\:`t\/⺸ң\\\av\V 8F\;c\}\e\$jn%\.@@~P\0\`\hڌ0ؘ]\XVv*\\\:]=OM\.1M\J\\n\\]# \\\V?\\Z}\\`TD\Z\\+\!2Ė$z+QE(\0(\0(\0(\0(\0(\0(\0(\0(\0d_v#<㎴Gp\:ԢL#m\dg~1\=Af\푼&G\\0\OqSPQE\n(\n(\n(\n(\n(\n(\n(\n(\n(\n(\n(\n(\n(\\@㩤\WN\'-l9#\\'C\<<\?{TOra𠢊)QE\0QE\0QE\0QE\0QE\0QE\0QE\0QE\0QE\0QE\0QE\0QE\0QE\01>\~PgPgDE(ST^\vZƾP\X?QH(\0(\0@\I\0GPJ\0Z($($\02M\0-i[\@\Ʋ|\%Y\9\@\bPӡ3]ΐ\:J\4TV\0\[Gqo*\r:\c\0\p03L\P\\\tиpQ\Xu\\ws2\ˉK&j62\4R\\.cfCB{LV\IW3bV\ \<짜\\Pĝ(0(\0(\0(E\>\~\6K\5>\lՊ^X\p\텤|l\u\\,\ro4\e\&GQG2mE7\\"\s\1a\N\%xǆH{ x\K\r\	2#9o~\0\cy\nݬf\b\|%Ņ\\\~\\ROJIwֶ(u:D\T\O[]Awo*Js\\\\-\-ũ܊\Jsg\n\HuYe\)6\\;^\\"\(\!Gn=~\sĚ\,8-\ωmv\*\$g֝t\V\Z68)\"s\~E`i7\ZTKx,I!9wt+\sKPY]-up\G\\޼\0\!\όL\\4k@\\\'3{~\_%\j%v\\\\nvW\\\\Vk\z\v)\93,\pW\0w\2w\\=b\M\Ik_]Kp\q8\=k\=2R\.|\\2\9\'#\WR-\	m\c<6q\r\\0\\\@$Iw-IrlEVj\RQ\5\Z\\߂\\\05ďQ\h\po\ב]ꖶ\up\\$=\뜑\\%n/\%\s2\|\\\WZ ծM2\c\\\s\\rrŝ@\GL\\\>\PѧX\U\ӎQ\X^\\\\,	a\KN\0\L9oQv]\\EFW}\\7ǐ@m;\Wm{uh\E~\y?lX\>$%\]Iyil$֏;H\q݃\Z\\\\\ˉ\"\&RK\\:g߽);+]M\)\\\;i.\Ĝq\v\W\B7>I#~v	`n&	+\P1\\\\\>i\͢\aRQ%\b\\Fx\\51n\w=b\d\wԯr$Ur3(\SZ6\\q\\JY}\\\ΐ\p\\ϿaJ\\\Fj͏P8oq)\+\\v\\vR88;\'tQE1Q@Q@\W\I\}\J$\\9iخTEj\!|̤@f\r?oi\LVs!|.,]dzZqWG\u9\%HX#M%\?N\x\\v\=\K\nJJ\LƲ(;ns\KFc_P\mlo!Un&\n]\y_<\>b\1\\+\\\\̤v29\8+x\\V\\r\L\v\9\.\\'\/\r\\3;6|yy5\\\\A\'G,wx漅%\wlzgixc\\x~\d\}cy\\u9&Aus\\Ҵ\g\Y\Ys\'̀鎿\\\k\m+H\[OגK\r\L\\K\>8\\PĖ\\r\$3˾\d1=x\w\%:\v\n<\8N=\r=hA\ꖓ\22`q3sR\'\%t\\67\aDgf|+\5	8\\?\\<+Ӕb0fiUSi\\dSbkZ\޿0!\" T\sY~<м9\o\\Rw\\2XH\S\\G\-\5Ԥ\47 `ɳy\?yt<9\f-\#\|篭ZJ{\"ֶ/\\nX\.\TW\\@}3G\?#\20xܟ^k\{Z?kr\\0\$a=x\VisU\a\Z\r7\\-\pG\s&+\r爼I\k\72\ŵB\\Aq\Os\\\a@θr^s^Gf\X\\L\	G\x\0}\SS~\\]	]%+\'\\:Һ`\9\+V\OVF\\@ c=\l~+xf\G\\k\\Zmi%na\>5\xDvW3Y۽\Y1ߞخ3M]&{\mgbep\n]\\_Jn\\\6$~\>D9YQv\'\s{կ\\0j\,\Z\N%E \c\~Tg$q\\4Ե4īgj<\~\\\\|g5\0\\\ncD˳s\@:uI\\Z\\8u\o8\ֵY<\q\\\]\<\+^Ox&Sq@?:x$\бlcnr&XY]\@\9$>jD}\rށZN\\m\c  |\ֽ\n\C-GPG\󗇵7P¬\\"6J1F8\\WК,.$ވ\\\EUQ@Q@\\\'\<\Ӥ/\v\/\FI/73+\O\\{\]a{qW\]\mǿN\m&{jg\fA;s\٫v:}el\\\\){21c\\\\0N:泜_38\|\\'\^,\\X\A<Z\!\w\S\\'>?i\n_؛}^{F]?\\Âʠ*N{by\ezsM\r\\"\\ߒ(\51m\+\\nb\\\^M\\)g$Oj;T\$S\ygV}w:;\ \\\GXXod\\0Lk[ö3\'\xs»	oA\o\㺓rkF\\I]\\\+X4\)\\0ݝ\9\JGf\jWvKI%\v\\\Տ\ ݱW\r=\\";4	Wx\O^\\94\\PKJ-=ߞ-?\V༳5P\d\pj\\A\\Դ\[9H\\TT$\\W\:\t\![r\\0Ny\\r?{eiX\IUm\\\0 ~ך\\66<  \\>\Z\\C\W\R\0${\\\\\>>\5\Y5@G8R\\\fGi\Z)7N1\g$\\r]\υolex\\4u*\\qt\ܛ!hiچϳJ\\eA\:\\\K׬.VP\zkw{$Z\:RA\D!+\\pzJ/nk*r6\\ۭ]$Ak1\C%Ē\\Z\F >\|:^\\\\ri#\V-\>0\1\Z\᳑\'eC \\\\θ͓\nxI\\\=\0N\t\}E5gYnDP\|ā\kj0[i\,j\,\A\0=\5[\$\֗R@πvw\E귺ıI{;\$I3d\J0i	֊I\Rb3m\sL|\mf\'\'֝owt,-K4[\Fq\<U\*\0\y\[\h$rĀ|ۆ+\\\r\nh\׌W\:ߤXO`\^\B1\T\n*(4\n(\n(ܥi#\/jC{=ݴFEeC\|\F{\Z\|uy\\\jZincVԓ\!}1Ek]\M]\Wȭq!BJoڙ\\Zeż0j=Į7\2\"\g s\\n$\-Nj_<?j\4q0h?Z\HJ\taru73>P	\\0\ҋoh\Feҡ\\\?p6#=qR\\\r$Q0)b	\\J\cK/\\Jt\0B\\ힼT\_\ZWkB\\Z\\\dB\.s\Q\㲺\nnfS,uG\n>*\\]\%Ȃ7	\Zy\s\A\\Z5d:/\\^&V\n*\e\O\ƕy-iEa>Xp7Zm\\h\I\ct_.\\\N\\3\\d\d7\0b\\'KjaǨAy\Ԅ<\mp.0?\c\?\Z\_~ 𕍾smmp\BK<H88B\\[\VWh\"%2\C\\v^\\[+a\\\Z\vBS,ĒN~FT\oV]>T\!ҡ\K$Za\\'#W1q,72}\\0UPϤfUfR\Fvg}N=QCQB:/N,\n}$rH\y^j\\-m\\[q\#?\y?\>T3\m+Z\0yts(3\Sj	\Z]$\\K\xb\"NY\!B\Kugf]2\\,XT\?RI&\\\/V6v\\\l\ATA\\kvlT5Fi <%^Ԙ\\Dw1O4\kvx\\G{v6\\nu\8\k00DB\\n\ol\X0\DvYH<q\OAGxoź^iom\**\FH\ׅx\Z\Eœ޽\NTQJ,\.\\EEQ@Q@\W?)_\\Z2Nj\%\Z$ڠ\	T\\ͧY\iJ\Z9\\\\3Ա\=1\\>\W-&\T\\9gU@v\\hϡ\>)nlK[8\\9i\ē\==ϧ\8U\q27\ҿ\\\n\2Ij\(\䏥S\rip\ϋ<n\\\mW\^\_Ai\y8=@\#ng\\݌\\Dd)\<\\>*)J\\煴\\\\~uk\Io)ɗ\]ׇ\\΍12\\\\\\\O\\0}k\<\Z\K4\e-\X\zW\\5\㓼\a2\0U?k\AE\u+\\_\\%\YF3l)\\\\\W<Ac\kkT\I^i#w9!\^x\'ҨZ\W𐙋G<QFi	\Fy<g\\\\\\\ra<Fc\\\#8\\m=Ĵ\e\W-m\\;(ߴ׌]ǈ-\u~\\M::\\\HQb+Ej2Iqy\'\@\\\0\e%\墲D\µKPoKD\\\\0-[\rii\9ð\Nݫwi7ׯDk&\f=J\\0~\\imy(tu2\\tb=\\E#\j=O\+\pH\/s\mڎmg2\\"ƿRqIa\_^Ӽ9\\\hM\\\\\0/n\Z\%gKNԴ\RW1A\\0F8\j[;{+۫9\[UwIVgj+\ӽk\u?\\\\"m\~@%\0#*Si\#v\tյ\r$jpFc.S\\Ў\Զ~\moqc+G3ތ\\\w*<1\\\ɤY\H\I^#֫͟5\\\Ͷ\+\\\\%QXӀz\0Z\t-%t\JD\\xPOz47b\\\/99m8+YҼqmk\rS\m&K\<ϗ\ڔdBiXP\Z\Op_P\vQ\0\0\lT-\ؼ5qut!g)\A\kp_\_]2o\c6М~zω4DgXR4\c>ӓKDJ]\y G8\>Mʹg_5\\7z$m\\\8\\\\l\}>	\\MZMO{袊\\(\0(\0dvᦧ\)\Mly\i̬\r\Ԭ\*5</\03Z\Z\PU\\\GknʝrG\0_\\\\c61U\=z\{MJL\+#\\5*Mr$\Z\ėϖ:c\~W\6\P@70\9ݴ\dTK4y!fB\Vލ5\F\iPJ\O\\kiGZŧiV\d\z\\\'\]\omm\\#o\_:HӒ=]\0w_\W\J\\1\0T﷿A\\\W:_<mkz\ܣ(4|;\01ZvMn#\t\բ(߿\\cu\$,\#Ԝ\^\\kzW\\\/\q#3dt\'h\\57KC\Zf@>c\=\\ނ\r2\-\2`S\z*;\JqfY[z\8IČ@\\Hhܣ2AGFG,\֚Ҫ\\FeT,qU\6]CŚ\\\Cpw@$@\M͝\\LGx\:k\v\B\\q\?ʢLi\K\ǈt\}\P\n\0%\i\>\\r*\\\K	\\p\\*\<+z\\}\i\8,G\ֽ]\uI\j\\\H\\X\6sߵd\hr׾%\\\YO_\\Q7şY\\\0\XʃHՆ{\\&L.S˹ޣbs\\|1\t.=\\r>)\Z*\g4Sݑ\\\'\Z\k{q7c\ޢ\8\k8o9p\G\r]N\\(-J\֞Do ݵ\\:I\+?ŚvZ\XYX\'\8ݘc5QZX\\\W^ \4\Ru[	n$-<`\-!\N};\Lv\nO,\\vO\\\w6\u+Xo\0\0Xsގ|1\y\\nDv8<w\UQg\>#\f&痹NK\ײ\ڌp4vw\0\\Vz\\bF`\Ag}jjӸYQg\#\1IZ3\(\gWEӍ\\\\"1I\\\>\\\J\m\\=\5FIc$\eY\$MóF#L\0N\}5w_D$)G|fP28\9\\9\\\{\\8Wxbg\rUn\Dyt\N\G\\s>8\0\T\'ou\0\\\ⶔU\z_=\ZZ\\VqCܷ?+\\?nJH\\G8=x\F湨߶n\\'?\B\λC\\|KvRy^iVaW*\\\Wn\oG\r-7xY$-`\\'?1\jfizM\<Ӱ\\pp1ϥzvi\Z\\'l\\#H\	\W4f2Tj\\u\\F͕Y+\h\O\\IrS\w6iǗ\OOc\+Z\D\\o\) w\k\E\(\׿54\r5Hu=zV\\'\4+K\I}nPX\g\5ֈXkKxF\s\\4y\kavÑënMmދI,_\r09\m\W\4In-e\_(]\[\\lYou$\\[\\R9\>\N\@ӵ\0D\APfG\Ҩ\>+{F7V\\ R\\T-MmC\\\mݕs\\\:	hR(\0ⲛ \6+\D\F\{4\0yRq\7\Uom\n =U֗*N$\r$\K\~ϡԭ|mUN0{\8\!3SybF	\v\ڧ\K\\r=\ =G¬\\0\r\\G\Kh$G\\Ē\9\\0\J&n ?f98\\{\jɛ\rR8W\\?Pz~W{k\߇p\_\\m\\Z\pP\]l/\xl\0R>c\\0YsX.$\&0+\" ܆7rN@\Wo\\||\ f&%W\\Ze֩l\	Uo$q\^c\b\WXҌN$1q\z)4Sl\\'O|6\\^@;G$s\ԏ\0`\з6x\{ϭmQE,d2.^1g\\d9QLEi\OҢ#([\\0q\=T\yGg\'\\5\\M5C-y\ힸp]2\\#m\4c\\ZM-6V\\]\K!qL\t\U/n41ϙ\^<\'Q\oC3\m\"\\g~gU\G\[\!\O\=z~ќ\9\'\\Gs1\H\\vۿ\`K=q[\ȯ~\y{q,/0\PyO\	8P\%݇2<\0H\*k*\qzW\<\?F-\0֯;~(\1AS\n?\\Ex\1\r:,\\0Ѕr-֣/51PGρ\q^\\\TJ\\\4=)V#hX\-扗\\g\\\|Kdfg5q\R\[A!\\0/+\rh\\5<.\\\\YY\m`ʭt-\k\<\\	q\x\\H J\\G\&\6xd&\rK:\\<oBH\x\|Ii\k}<eOs\t	/[x<\M\x#\b~X{qgEqHz\\x6o,v\\|\v\,\x\\\\\b\_\\j\\Gn\Z\ѥےqԞMMmRE_1$`\,q\"/EQkGW\|k\\v\Ǡ	\AiݒQM\)7\n\nIL\(\@4\',2014,0),(3,2,3,'Αρμονία',NULL,'1108-8877',NULL,'Εύη Τσιμαρά-Τζώρτζη','PEGASUS MAGAZINES PUBLICATIONS A.E.','Κυκλοφόρησε για πρώτη φορά το Mάρτιο του 1999 με στόχο να μυήσει τους αναγνώστες του στα μυστικά της αρμονικής ζωής. Mε πλούσια ύλη που κινείται στον άξονα Φύση - Σώμα - Ψυχή, ευαισθητοποιεί το κοινό του στην αναζήτηση ενός φυσικού τρόπου ζωής, με ψυχοσωματική πληρότητα και ευεξία.\n','Το Περιοδικό της Ψυχοσωματικής Ευεξίας και Υγείας',67,2,NULL,2012,0),(4,1,2,'Θεωρία Πληροφορίας και Κωδίκων',NULL,'1790-7977',NULL,'Mιχάλης Πιτσιλίδης','Μ. ΠΙΤΣΙΛΙΔΗΣ Α.Ε.','\nΜπορείτε να ενημερωθείτε από την ιστοσελίδα www.diagnosispress.gr\nΓια τις ερωτήσεις σας στείλτε στο e-mail: sintaxis@pitsilidis.gr','Δεκαπενθήμερη εφημερίδα Πολιτικής και Οικονομικών της Υγείας',50,1,NULL,2009,1),(5,1,3,'Η Ευρώπη του Ψυχρού Πολέμου, 1945-1991: Πολιτική Ιστορία','698780',NULL,'Εύη Τσιμαρά-Τζώρτζη','Mιχάλης Πιτσιλίδης','Πατάκης','ΣΥΝΤΟΜΟΓΡΑΦΙΕΣ',NULL,67,2,NULL,2388,1),(6,1,3,'Η Ευρώπη του Ψυχρού Πολέμου, 1945-1991: Πολιτική Ιστορία','57689',NULL,'Εύη Τσιμαρά-Τζώρτζη','Mιχάλης Πιτσιλίδης','Πατάκης','ΣΥΝΤΟΜΟΓΡΑΦΙΕΣ',NULL,890,0,NULL,7878,1);
/*!40000 ALTER TABLE `material` ENABLE KEYS */;
UNLOCK TABLES;

--
-- Table structure for table `rent`
--

DROP TABLE IF EXISTS `rent`;
/*!40101 SET @saved_cs_client     = @@character_set_client */;
/*!40101 SET character_set_client = utf8 */;
CREATE TABLE `rent` (
  `Id` int(11) NOT NULL AUTO_INCREMENT,
  `Material` int(11) NOT NULL,
  `Users` int(11) NOT NULL,
  `Start` varchar(10) NOT NULL,
  `End` varchar(10) NOT NULL,
  `Extend` tinyint(1) DEFAULT NULL,
  PRIMARY KEY (`Id`),
  KEY `fk_Rent_Users1` (`Users`),
  KEY `fk_Rent_Material1` (`Material`),
  CONSTRAINT `fk_Rent_Material1` FOREIGN KEY (`Material`) REFERENCES `material` (`Id`) ON DELETE NO ACTION ON UPDATE NO ACTION,
  CONSTRAINT `fk_Rent_Users1` FOREIGN KEY (`Users`) REFERENCES `users` (`Id`) ON DELETE NO ACTION ON UPDATE NO ACTION
) ENGINE=InnoDB AUTO_INCREMENT=24 DEFAULT CHARSET=utf8;
/*!40101 SET character_set_client = @saved_cs_client */;

--
-- Dumping data for table `rent`
--

LOCK TABLES `rent` WRITE;
/*!40000 ALTER TABLE `rent` DISABLE KEYS */;
INSERT INTO `rent` VALUES (19,5,1,'19/01/2016','23/01/2016',0),(20,2,1,'19/01/2016','26/01/2016',0),(21,3,1,'21/01/2016','23/01/2016',0),(22,1,1,'25/01/2016','01/02/2016',NULL),(23,4,1,'26/01/2016','02/02/2016',NULL);
/*!40000 ALTER TABLE `rent` ENABLE KEYS */;
UNLOCK TABLES;

--
-- Table structure for table `requests`
--

DROP TABLE IF EXISTS `requests`;
/*!40101 SET @saved_cs_client     = @@character_set_client */;
/*!40101 SET character_set_client = utf8 */;
CREATE TABLE `requests` (
  `Id` int(11) NOT NULL AUTO_INCREMENT,
  `Rent_Id` int(11) NOT NULL,
  `NewDate` varchar(15) NOT NULL,
  PRIMARY KEY (`Id`),
  KEY `fk_Requests_Rent1_idx` (`Rent_Id`),
  CONSTRAINT `fk_Requests_Rent1` FOREIGN KEY (`Rent_Id`) REFERENCES `rent` (`Id`) ON DELETE NO ACTION ON UPDATE NO ACTION
) ENGINE=InnoDB DEFAULT CHARSET=utf8;
/*!40101 SET character_set_client = @saved_cs_client */;

--
-- Dumping data for table `requests`
--

LOCK TABLES `requests` WRITE;
/*!40000 ALTER TABLE `requests` DISABLE KEYS */;
/*!40000 ALTER TABLE `requests` ENABLE KEYS */;
UNLOCK TABLES;

--
-- Table structure for table `schools`
--

DROP TABLE IF EXISTS `schools`;
/*!40101 SET @saved_cs_client     = @@character_set_client */;
/*!40101 SET character_set_client = utf8 */;
CREATE TABLE `schools` (
  `id` int(11) NOT NULL AUTO_INCREMENT,
  `Name` varchar(70) NOT NULL,
  PRIMARY KEY (`id`)
) ENGINE=InnoDB AUTO_INCREMENT=9 DEFAULT CHARSET=utf8;
/*!40101 SET character_set_client = @saved_cs_client */;

--
-- Dumping data for table `schools`
--

LOCK TABLES `schools` WRITE;
/*!40000 ALTER TABLE `schools` DISABLE KEYS */;
INSERT INTO `schools` VALUES (1,'Επιστημών της Αγωγής'),(2,'Θεολογική'),(3,'Οικονομικών και Πολιτικών Επιστημών'),(4,'Επιστημών Υγείας'),(5,'Θετικών Επιστημών'),(6,'Φιλοσοφική'),(7,'Σχολή Επιστήμης Φυσικής Αγωγής και Αθλητισμού'),(8,'Νομική');
/*!40000 ALTER TABLE `schools` ENABLE KEYS */;
UNLOCK TABLES;

--
-- Table structure for table `services`
--

DROP TABLE IF EXISTS `services`;
/*!40101 SET @saved_cs_client     = @@character_set_client */;
/*!40101 SET character_set_client = utf8 */;
CREATE TABLE `services` (
  `Id` int(11) NOT NULL AUTO_INCREMENT,
  `RentingPolicy` text,
  `GeneralPolicy` mediumtext,
  `Disabilities` varchar(1500) DEFAULT NULL,
  PRIMARY KEY (`Id`)
) ENGINE=InnoDB AUTO_INCREMENT=8 DEFAULT CHARSET=utf8;
/*!40101 SET character_set_client = @saved_cs_client */;

--
-- Dumping data for table `services`
--

LOCK TABLES `services` WRITE;
/*!40000 ALTER TABLE `services` DISABLE KEYS */;
INSERT INTO `services` VALUES (1,'Α) δανεισμός μόνο σε προπτυχιακούς φοιτητές του Αγγλικού Τμήματος  μέχρι 5 βιβλία για 15 μέρες (ισχύει από 1/03/2004) \nΒ) δανεισμός σε μεταπτυχιακούς, Υ.Δ., διδάσκοντες του  Αγγλικού και όλων των αντίστοιχων κατηγοριών όλων των Τμημάτων της Φιλοσοφικής Σχολής, μέχρι 5 βιβλία για 15 μέρες (ισχύει από 1/02/2013) με απόφαση του νεοσυσταθέντος Εφορευτικού Συμβουλίου Βιβλιοθηκών Φιλοσοφικής Σχολής προεδρευούσης της Κοσμήτορος Καθηγήτριας Αμαλίας Μόζερ.','Ημερήσιος δανεισμός εκτός βιβλιοθήκης για όλους/όλες με παρακράτηση αστυνομικής ταυτότητας.',NULL),(2,'Στους φοιτητές/τριες του Τμήματος ισχύει δανεισμός μέχρι 3 βιβλίων για 1 εβδομάδα. Γίνεται και ανανέωση ακόμα 1 εβδομάδα. Κάθε δανεισμός γίνεται με την κατάθεση της φοιτητικής ταυτότητας και για όλη τη διάρκεια του δανεισμού.',NULL,NULL),(3,'Δεν είναι δανειστική.','Η Βιβλιοθήκη προσφέρει υπηρεσίες διαδανεισμού στους χρήστες της, δηλαδή παρέχει την δυνατότητα παραγγελίας άρθρων τόσο απο την Ελλάδα όσο και από το Εξωτερικό. \nΕπιπροσθέτως, οι χρήστες μπορούν να φωτοτυπήσουν το υλικό της βιβλιοθήκης χρησιμοποιώντας τα δύο φωτοτυπικά μηχανήματα που υπάρχουν στο χώρο. \nΔυνατή είναι  η σάρωση και αποθήκευση εικόνων σε CD-ROMS μετά απο αίτηση των αναγνωστών. \nΤέλος,  υπολογιστές παρέχονται για έρευνα και αναζήτηση βιβλιογραφίας σε βάσεις δεδομένων και σε άλλες πηγές επιστημονικής πληροφόρησης  όπως η MEDLINE και η HEAL- Link.',NULL),(4,'Η βιβλιοθήκη δανείζει τα βιβλία της στους φοιτητές/τριες του τμήματος με το Φοιτητικό Δελτίο Ταυτότητας. Οι φοιτητές/τριες  μπορούν να δανειστούν δύο βιβλία για τρεις ημέρες και υπάρχει δυνατότητα φωτοτυπιών για κάθε ενδιαφερόμενο καθημερινά.','Παραγγελία άρθρων από άλλες βιβλιοθήκες που δεν υπάρχουν στη συλλογή της.',NULL),(5,'Προκειμένου να μπορέσετε να χρησιμοποιήσετε τις υπηρεσίες του Αναγνωστηρίου θα πρέπει να διαθέτετε Κάρτα Δανεισμού, η οποία εκδίεται από την Κεντρική Βιβλιοθήκη της Σχολής Θετικών Επιστημών [βλ. Προτεινόμενοι Σύνδεσμοι]. ','ΚΑΤΑΘΕΣΗ ΠΤΥΧΙΑΚΩΝ, ΔΙΠΛΩΜΑΤΙΚΩΝ ΕΡΓΑΣΙΩΝ ΚΑΙ ΔΙΔΑΚΤΟΡΙΚΩΝ ΔΙΑΤΡΙΒΩΝ: \nOι εργασίες θα πρέπει να ακολουθούν τις προδιαγραφές που έχουν καθοριστεί από το Τμήμα Πληροφορικής και Τηλεπικοινωνιών. \nΟι εργασίες θα πρέπει να συνοδεύονται από το Απογραφικό Δελτίο (τυπωμένο) του Τμήματος Πληροφορικής και Τηλεπικοινωνιών και από CD που θα περιέχει την εργασία και το απογραφικό . \nΓια τις διδακτορικές διατριβές, το επιπλέον αντίγραφο που θα αποσταλεί στο Εθνικό Κέντρο Τεκμηρίωσης (http://phdtheses.ekt.gr/eadd/?locale=el) θα πρέπει να συνοδεύονται και από το Απογραφικό Δελτίο του ΕΚΤ.   \nΠροσοχή! Πριν την καταχώρηση της εργασίας σας (Μεταπτυχιακής/ Διδακτορικής) στην Κεντρική Βιβλιοθήκη Θετικών Επιστημών θα πρέπει να συμπληρώσετε και την Υπεύθυνη Δήλωση για κατάθεση Μεταπτυχιακής εργασίας/ Διδακτορικής Διατριβής. Τη φόρμα της δήλωσης αυτής θα τη βρείτε στην ιστοσελίδα της Βιβλιοθήκης Θετικών Επιστημών.\n\n\nΠΑΡΑΓΓΕΛΙΑ ΑΡΘΡΩΝ \nΗ υπηρεσία παραγγελίας επιστημονικών άρθρων από άλλες βιβλιοθήκες της Ελλάδας προσφέρεται από τη Βιβλιοθήκη της Σχολής Θετικών Επιστημών. \n\n\nΠΡΟΣΒΑΣΙΜΟΤΗΤΑ ΑΤΟΜΩΝ ΜΕ ΑΝΑΠΗΡΙΑ \nΤο αναγνωστήριο, σε συνεργασία με τη Μονάδα Προσβασιμότητας, διαθέτει πλήρη σταθμό πρόσβασης στις ηλεκτρονικές της υπηρεσίες και γενικότερα στο διαδίκτυο για τυφλούς και άτομα με μειωμένη όραση ή κινητικές αναπηρίες (ιδιαίτερα στα άνω άκρα). Η πρόσβαση στο κτήριο και στους χώρους του αναγνωστηρίου είναι δυνατή για χρήστες αμαξιδίου. \nΗ προσβασιμότητα για Άτομα με Αναπηρία υποστηρίζεται από τη Μονάδα Προσβασιμότητας Φοιτητών με Αναπηρία και από την Ομάδα Φωνής και Υποστηρικτικών Τεχνολογιών του Τμήματος Πληροφορικής και Τηλεπικοινωνιών.','Το αναγνωστήριο, σε συνεργασία με τη Μονάδα Προσβασιμότητας, διαθέτει πλήρη σταθμό πρόσβασης στις ηλεκτρονικές της υπηρεσίες και γενικότερα στο διαδίκτυο για τυφλούς και άτομα με μειωμένη όραση ή κινητικές αναπηρίες (ιδιαίτερα στα άνω άκρα). Η πρόσβαση στο κτήριο και στους χώρους του αναγνωστηρίου είναι δυνατή για χρήστες αμαξιδίου. '),(6,'Τα τεκμήρια παρέχονται για προσωπική μελέτη στο χώρο της Βιβλιοθήκης.  Δίδεται δυνατότητα αναπαραγωγής περιορισμένου αριθμού φωτοαντιγράφων κάθε έργου, για λόγους επιστημονικής έρευνας, εφόσον στην περίπτωση αυτή δεν βλάπτεται η κανονική εκμετάλλευση του έργου και δεν προκαλείται αδικαιολόγητη βλάβη στα νόμιμα συμφέροντα του δικαιούχου. Σύμφωνα με την ισχύουσα  νομοθεσία  Πνευματικής Ιδιοκτησίας,  την ευθύνη τήρησης της οποίας έχουν οι χρήστες, απαγορεύεται η συστηματική αποθήκευση ή/και εκτύπωση του υλικού, καθώς και οποιαδήποτε εμπορική χρήση αυτού.','Το προσωπικό της Βιβλιοθήκης, επαγγελματίες βιβλιοθηκονόμοι και επιστήμονες της πληροφόρησης,  με εξειδίκευση στη Νομική πληροφόρηση, εργάζεται συστηματικά για την εύρυθμη λειτουργία της και την υποστήριξη του εκπαιδευτικού και ερευνητικού έργου, εκτελώντας εργασίες που απαιτούνται σχετικά με τη διαχείριση και αυτοματοποίηση των λειτουργιών της βιβλιοθήκης, τη διαχείριση των οικονομικών του Τομέα και την παροχή προς τους χρήστες  σύγχρονων υπηρεσιών νομικής πληροφόρησης και τεκμηρίωσης οπως: \n* Διαδανεισμός  άρθρων περιοδικών από και προς επιστημονικές βιβλιοθήκες του εσωτερικού και εξωτερικού, \n* Διαδανεισμός βιβλίων από και προς  τις βιβλιοθήκες της Νομικής Σχολής του ΑΠΘ και του ΔΠΘ \n* Δημιουργία ψηφιακής Βιβλιοθήκης διπλωματικών εργασιών του ΠΜΣ Αστικού δικαίου. \n* Συγκέντρωση  και επεξεργασία του αρχείου διδακτορικών διατριβών  της Νομικής Σχολής   \n* Διεξαγωγή σεμιναρίων πληροφοριακής εκπαίδευσης στους πρωτοετείς και μεταπτυχιακούς φοιτητές της Νομικής Σχολής \n* Διεξαγωγή σεμιναρίων και συνεδρίων  για νομικά ζητήματα που αφορούν στις βιβλιοθήκες \n* Διακανονισμοί και εργασίες για την προμήθεια και παροχή πρόσβασης σε εθνικές και διεθνέις βάσεις νομικών πληροφοριών οπως :   \nΙΣΟΚΡΑΤΗΣ (Ευγενική χορηγία  της Επιτροπής Τηλεματικής του Δικηγορικού Συλλόγου Αθηνών) http://www.dsanet.gr/1024x768.htm (Πρόσβαση με χρήση κωδικών από όλες τις Βιβλιοθήκες και το εργαστήριο Πολυμέσων του Τμήματος Νομικής) \nLawNet (Ευγενική χορηγία  της εταιρείας Νομικό Δίκτυο ΑΕ LawNet S.A. (Πρόσβαση με χρήση κωδικών  από όλες τις Βιβλιοθήκες και το εργαστήριο Πολυμέσων του Τμήματος Νομικής)http://www.lawnet.gr ( \n NOMOS http://lawdb.intrasoftnet.com/ (Πρόσβαση με χρήση κωδικών συγκεκριμένες ημέρες και ώρες από όλες τις Βιβλιοθήκες και το εργαστήριο Πολυμέσων του Τμήματος Νομικής) \nWest Law International http://www.westlaw.com/  (Πρόσβαση μέσω του Δικτύου του ΕΚΠΑ ) \nHeinonline http://www.heinonline.org/   (Πρόσβαση μέσω του Δικτύου του ΕΚΠΑ) \nBeck-online http://rsw.beck.de/  (Πρόσβαση μέσω του Δικτύου του ΕΚΠΑ) \nΜε πρωτοβουλία της βιβλιοθήκης δημιουργήθηκε και λειτουργεί  η ομάδα της Νομικής Σχολής του ΕΚΠΑ \"Δίκαιο και Τέχνη\" http://dikaiokaitexni.blogspot.gr/ ',NULL),(7,'Δυνατότητα  δανεισμού δεν υπάρχει. Επιτρέπεται, εντός της βιβλιοθήκης, η φωτοτύπηση  μόνο ορισμένων σελίδων  κάθε έργου για λόγους επιστημονικής έρευνας, εφόσον στην περίπτωση αυτή δεν βλάπτεται η κανονική εκμετάλλευση του έργου και δεν προκαλείται αδικαιολόγητη βλάβη στα νόμιμα συμφέροντα του δικαιούχου.','Το προσωπικό  καθοδηγεί τους αναγνώστες στη χρήση της  βιβλιοθήκης και των ηλεκτρονικών πηγών πληροφόρησης',NULL);
/*!40000 ALTER TABLE `services` ENABLE KEYS */;
UNLOCK TABLES;

--
-- Table structure for table `staff`
--

DROP TABLE IF EXISTS `staff`;
/*!40101 SET @saved_cs_client     = @@character_set_client */;
/*!40101 SET character_set_client = utf8 */;
CREATE TABLE `staff` (
  `Id` int(11) NOT NULL AUTO_INCREMENT,
  `Name` varchar(45) NOT NULL,
  `Surname` varchar(45) NOT NULL,
  `Email` varchar(45) DEFAULT NULL,
  `Tel` varchar(45) DEFAULT NULL,
  `JobPosition` varchar(75) DEFAULT NULL,
  `Library` int(11) NOT NULL,
  PRIMARY KEY (`Id`),
  KEY `fk_Staff_Libraries1` (`Library`),
  CONSTRAINT `fk_Staff_Libraries1` FOREIGN KEY (`Library`) REFERENCES `libraries` (`Id`) ON DELETE NO ACTION ON UPDATE NO ACTION
) ENGINE=InnoDB AUTO_INCREMENT=26 DEFAULT CHARSET=utf8;
/*!40101 SET character_set_client = @saved_cs_client */;

--
-- Dumping data for table `staff`
--

LOCK TABLES `staff` WRITE;
/*!40000 ALTER TABLE `staff` DISABLE KEYS */;
INSERT INTO `staff` VALUES (1,'Ελένη','Αναγνωστοπούλου','eanagnos@lib.uoa.gr','2107277905 ',NULL,1),(2,'Στέλλα','Καραγιάννη','skaragia@lib.uoa.gr','2107277951',NULL,1),(3,'Άννα','Σπυριδάκη','aspirid@lib.uoa.gr','2107277959 ',NULL,1),(4,'Γεράσιμος','Τουρκογιάννης','gtourkog@lib.uoa.gr','2107277949 ',NULL,1),(5,'Μαρία ','Λουμπάκη','mloumpak@lib.uoa.gr','21000000000',NULL,2),(6,'Γεώργιος','Ρουγγέρης','grougger@frl.uoa.gr','21000000000',NULL,2),(7,'Μαρία ','Σωτηριάδου','msotiria@lib.uoa.gr','21000000000',NULL,2),(8,'Αργυρώ ','Βλάμη Αργυρώ ','admin@lib.uoa.gr','21000000000',NULL,3),(9,'Ασημίνα','Βλαχάκη','avlaxaki@lib.uoa.gr','21000000000',NULL,3),(10,'Θοδωρής ','Βουτσινάς','admin@lib.uoa.gr','21000000000',NULL,3),(11,'Μαρία','Κίτσου','mkitsou@lib.uoa.g','21000000000',NULL,3),(12,'Μυρτώ','Κίττα','mkitta@lib.uoa.gr','21000000000',NULL,3),(13,'Σταυρούλα - Ειρήνη','Κοκκινέα','skokkin@lib.uoa.gr','21000000000',NULL,3),(14,'Μαρία','Σταυρίδου','mstavrid@lib.uoa.gr','21000000000',NULL,3),(15,'Πολυξένη','Τσελέκου','ptselek@lib.uoa.gr','21000000000',NULL,3),(16,'Παρασκευή','Τσιμπερδώνη','ptsiberd@lib.uoa.gr','21000000000',NULL,3),(17,'Τατιάνα','Φασούλη','tfasouli@lib.uoa.gr','21000000000',NULL,3),(18,'Ελένη','Κριάρη','ekriari@lib.uoa.gr','21000000000',NULL,4),(19,'Ελένη','Χριστοδούλου','ehristod@lib.uoa.gr','21000000000',NULL,4),(20,'Φωτεινή ','Παπαμιχαλοπούλου ','admin@lib.uoa.gr','21000000000',NULL,5),(21,'Αργυρώ','Βούλγαρη ','admin@lib.uoa.gr','21000000000',NULL,5),(22,'Δημήτριος ','Γκιζόπουλος','admin@lib.uoa.gr','21000000000','Ακαδημαϊκός Υπεύθυνος',5),(23,'Βασιλική','Στρακαντούνα','admin@lib.uoa.gr','21000000000','ΠΕ Βιβλιοθηκονόμος, MSc  (Υπεύθυνη της  Βιβλιοθήκης της Νομικής Σχολής)',6),(24,'Αναστασία','Κόντη','admin@lib.uoa.gr','21000000000','ΤΕ Βιβλιοθηκονόμος ',6),(25,'Άννα','Χουντάλα','admin@lib.uoa.gr','21000000000','ΤΕ Βιβλιοθηκονόμος ',6);
/*!40000 ALTER TABLE `staff` ENABLE KEYS */;
UNLOCK TABLES;

--
-- Table structure for table `type`
--

DROP TABLE IF EXISTS `type`;
/*!40101 SET @saved_cs_client     = @@character_set_client */;
/*!40101 SET character_set_client = utf8 */;
CREATE TABLE `type` (
  `Id` int(11) NOT NULL AUTO_INCREMENT,
  `Name` varchar(45) NOT NULL,
  PRIMARY KEY (`Id`)
) ENGINE=InnoDB AUTO_INCREMENT=10 DEFAULT CHARSET=utf8;
/*!40101 SET character_set_client = @saved_cs_client */;

--
-- Dumping data for table `type`
--

LOCK TABLES `type` WRITE;
/*!40000 ALTER TABLE `type` DISABLE KEYS */;
INSERT INTO `type` VALUES (1,'Βιβλίο'),(2,'Άρθρο'),(3,'Περιοδικό'),(4,'Παρτιτούρες'),(5,'Πτυχιακές'),(6,'Διδακτορικά'),(7,'CD'),(8,'DVD'),(9,'Χάρτες');
/*!40000 ALTER TABLE `type` ENABLE KEYS */;
UNLOCK TABLES;

--
-- Table structure for table `uoadepartments`
--

DROP TABLE IF EXISTS `uoadepartments`;
/*!40101 SET @saved_cs_client     = @@character_set_client */;
/*!40101 SET character_set_client = utf8 */;
CREATE TABLE `uoadepartments` (
  `Id` int(11) NOT NULL AUTO_INCREMENT,
  `Name` varchar(70) NOT NULL,
  `SchoolsId` int(11) NOT NULL,
  PRIMARY KEY (`Id`),
  KEY `fk_UoaDepartments_Schools` (`SchoolsId`),
  CONSTRAINT `fk_UoaDepartments_Schools` FOREIGN KEY (`SchoolsId`) REFERENCES `schools` (`id`) ON DELETE NO ACTION ON UPDATE NO ACTION
) ENGINE=InnoDB AUTO_INCREMENT=34 DEFAULT CHARSET=utf8;
/*!40101 SET character_set_client = @saved_cs_client */;

--
-- Dumping data for table `uoadepartments`
--

LOCK TABLES `uoadepartments` WRITE;
/*!40000 ALTER TABLE `uoadepartments` DISABLE KEYS */;
INSERT INTO `uoadepartments` VALUES (1,'Παιδαγωγικό Τμήμα Δημοτικής Εκπαίδευσης',1),(2,'Τμήμα Εκπαίδευσης και Αγωγής στην Προσχολική Ηλικία',1),(3,'Τμήμα Θεολογίας',2),(4,'Τμήμα Κοινωνικής Θεολογίας',2),(5,'Τμήμα Επικοινωνίας και Μέσων Μαζικής Ενημέρωσης',3),(6,'Τμήμα Οικονομικών Επιστημών',3),(7,'Τμήμα Πολιτικής Επιστήμης και Δημόσιας Διοίκησης',3),(8,'Τμήμα Τουρκικών Σπουδών και Σύγχρονων Ασιατικών Σπουδών',3),(9,'Τμήμα Ιατρικής',4),(10,'Τμήμα Νοσηλευτικής',4),(11,'Τμήμα Οδοντιατρικής',4),(12,'Τμήμα Φαρμακευτικής',4),(13,'Τμήμα Βιολογίας',5),(14,'Τμήμα Γεωλογίας και Γεωπεριβάλλοντος',5),(15,'Τμήμα Μαθηματικών',5),(16,'Τμήμα Μεθοδολογίας, Ιστορίας και Θεωρίας της Επιστήμης',5),(17,'Τμήμα Πληροφορικής και Τηλεπικοινωνιών',5),(18,'Τμήμα Φυσικής',5),(19,'Τμήμα Χημείας',5),(20,'Τμήμα Αγγλικής Γλώσσας και Φιλολογίας',6),(21,'Τμήμα Γαλλικής Γλώσσας και Φιλολογίας',6),(22,'Τμήμα Γερμανικής Γλώσσας και Φιλολογίας',6),(23,'Τμήμα Θεατρικών Σπουδών',6),(24,'Τμήμα Ισπανικής Γλώσσας και Φιλολογίας',6),(25,'Τμήμα Ιστορίας και Αρχαιολογίας',6),(26,'Τμήμα Ιταλικής Γλώσσας και Φιλολογίας',6),(27,'Τμήμα Μουσικών Σπουδών',6),(28,'Τμήμα Σλαβικών Σπουδών',6),(29,'Τμήμα Φιλολογίας',6),(30,'Τμήμα Φιλοσοφίας, Παιδαγωγικής και Ψυχολογίας',6),(31,'Τμήμα Ψυχολογίας',6),(32,'Τμήμα Επιστήμης Φυσικής Αγωγής και Αθλητισμού',7),(33,'Νομική Σχολή',8);
/*!40000 ALTER TABLE `uoadepartments` ENABLE KEYS */;
UNLOCK TABLES;

--
-- Table structure for table `users`
--

DROP TABLE IF EXISTS `users`;
/*!40101 SET @saved_cs_client     = @@character_set_client */;
/*!40101 SET character_set_client = utf8 */;
CREATE TABLE `users` (
  `Id` int(11) NOT NULL AUTO_INCREMENT,
  `Name` varchar(45) NOT NULL,
  `Surname` varchar(45) NOT NULL,
  `Birthday` varchar(10) NOT NULL,
  `RegistrationNumber` varchar(45) NOT NULL,
  `Email` varchar(60) NOT NULL,
  `Department` int(11) NOT NULL,
  `Semester` int(11) NOT NULL,
  `Position` varchar(45) NOT NULL,
  `Image` longblob NOT NULL,
  PRIMARY KEY (`Id`),
  KEY `fk_Users_UoaDepartments1` (`Department`),
  CONSTRAINT `fk_Users_UoaDepartments1` FOREIGN KEY (`Department`) REFERENCES `uoadepartments` (`Id`) ON DELETE NO ACTION ON UPDATE NO ACTION
) ENGINE=InnoDB AUTO_INCREMENT=3 DEFAULT CHARSET=utf8;
/*!40101 SET character_set_client = @saved_cs_client */;

--
-- Dumping data for table `users`
--

LOCK TABLES `users` WRITE;
/*!40000 ALTER TABLE `users` DISABLE KEYS */;
INSERT INTO `users` VALUES (1,'Ευαγγελία','Γιαννίκου','13/7/1993','1115201100061','sdi1100061@di.uoa.gr',17,9,'Προπτυχιακός Φοιτητής','PNG\r\n\Z\n\0\0\0\rIHDR\0\0\0\0\0\0\0j\0\0\0tEXtSoftware\0Adobe ImageReadyq\e<\0\0$iTXtXML:com.adobe.xmp\0\0\0\0\0<?xpacket begin=\"﻿\" id=\"W5M0MpCehiHzreSzNTczkc9d\"?> <x:xmpmeta xmlns:x=\"adobe:ns:meta/\" x:xmptk=\"Adobe XMP Core 5.3-c011 66.145661, 2012/02/06-14:56:27        \"> <rdf:RDF xmlns:rdf=\"http://www.w3.org/1999/02/22-rdf-syntax-ns#\"> <rdf:Description rdf:about=\"\" xmlns:xmp=\"http://ns.adobe.com/xap/1.0/\" xmlns:xmpMM=\"http://ns.adobe.com/xap/1.0/mm/\" xmlns:stRef=\"http://ns.adobe.com/xap/1.0/sType/ResourceRef#\" xmp:CreatorTool=\"Adobe Photoshop CS6 (Macintosh)\" xmpMM:InstanceID=\"xmp.iid:EA94308EDD5411E284AFB342539FC64A\" xmpMM:DocumentID=\"xmp.did:EA94308FDD5411E284AFB342539FC64A\"> <xmpMM:DerivedFrom stRef:instanceID=\"xmp.iid:EA94308CDD5411E284AFB342539FC64A\" stRef:documentID=\"xmp.did:EA94308DDD5411E284AFB342539FC64A\"/> </rdf:Description> </rdf:RDF> </x:xmpmeta> <?xpacket end=\"r\"?>*\\]\0\0eIDATx\\wPTgۇK\e)KY\"\"ф`lD\L&iH^5&Z؍RlD\	$jHG\]`\~_\{߈],g׌\?\\\\\\\~S&\0\00\0f\0\0\0\0@\0\0\0\0A\0\0 \0\0\0 \0\0\0\0\0\0@\0\0\0A\0\0 \0\0\0 \0\0\0\0\0\0@\0\0\0\0A\0\0 \0\0 \0\0\0\0\0\0@\0\0\0\0A\0\0 \0\0\0 \0\0\0\0@\0\0\0\0A\0\0 \0\0\0 \0\0\0\0\0\0@\0\0\0`X \\\\\tܸqցV\\\<///;O$Y|sigggN\\\\\\/\S*\\\*kjjz\޽V*~\~D2n\"ܑADD\Il\\\mCBBl1Xx<V*ERbD\]PPЙ\\/tfggwB\Z\$\SN\O8\*`\\\\.]\\bA\0\\\c䔘(\n\\\ZVV\uqirrrsUUUA\0`*e˖9.^؉\F8\Z\WTL\СC\\~m+SiU@\[o\h\\"\'{{{s.\\S{{{߱cǚn\Z_ZZD!&cǎ\G\\\\n\\rސ={\߿w\֭nd\0\ߟ\\'$$1\Gzzt\\\( wS1XzQN`S({\oܸN&a\0\\O?-Ͻ]]]-\ru\\U:tHh@FErrW\\\\ѸSNI\\\\\"\ZQ\\U\ë	Fw222\\r݃\Z:\\\\d\Ν\áQ(f;\nD\"\'NFEE	\rr\lwRiAp ޹s\|}}\rͩ쎍-+))\Pt1Il$\\XRL\r\\>}݅1ޠ%(S-.ew\ԩ\0\7hMG\\\\\\ٕ+W:\rT\\ɓm!v\R|I[D!y7nܐD\"t+t@KKK\c=V z\9\Phqi95B0MOO\]ŜbO9@4 \\O?\G$=\\0\\G\6\\\\Ǐc%(Ъ\\\\G0\4773\{\n]\\o9\Q1\ZJ#D$\	\@c\pvv6/**\Zi\\ՐH$MMMX\nB|\\'~w5(G*3f\\\\\\\ݒ+\\\\\8\زe\P(W*A\'hgeec΃a@s#\"##\\qD\|#!z\n2!넅YGGG;\"\rH@B隙!l\ЙQ\	5/A\Zwww;w\x</R\\lT\9.L\\V^\H`\bX\\߿@UOn9>C\%\"Ah\˗\]\]p?Y}}}H$@4\\\\\5\@1dfΜi9p\\6&&\B;̝;\\"\\hlD\1Sb\Xc{A9\\"Đœ̙3 \ԩS\v[bh\y2n\8\\:\\\\\'95\ 4fʔ)vX\\\\\\rH@\Z1a\[D\<\\1\^pDCƃC\~hS???4\\\Cj\\\˳\7\arlFF$ uKO4\Z\\Z@F,\ \B00h4\5\ȑ#\ qvv\RFv \F \\r \nkBmAੂ\\C*c\\#\z\\ۣ\	vvv\5\\ֈ@)\0\0Ah+++\\HSB-,--\\x\\C\0\0\0\0ART!\nƁB@!ፄ\\Z\0\0@x\05\\\E!\\\F\H\\\B!hoo\C\\Z \0r\rAh64\Z\\5\Z\r\\\n \hll\Ak<\\"\n\5O\\Z@\\ݻh4\5LUUQ0\@;\\D\\\\´+~\"\Z܅\a\\\\b\\r*NMM\6c\дA \x`\9 w#\nܦ 4\֭[]rl\\-\? ̛\LM\"899ݒJX\nB}\\\֢\(r \\۷Qr\"\\Z7n\\@\\ב[bh\\zQ@nR>+++S\\\\\x(QAhB\\\\\D$\r +W\r\nAIOO!\n\\"##9LLMMƊD\"D\Ja\n\\@T\\ϟ藍\\T--EEEݖG5k##(Kܠ=ݴ\:88\:..N\\쬓\\\BV9v\X.\6{\rL_\r?\\7jNǓ\'O6\\&--\/**J\\EUx<iccc(\gM}\\;w\/&&Fh1<|+S	UPE6Bмt4\\.\uqq\S*x10H9HA9s\\ArhѢ2\"Lߙ\w$\ĉR6\r X\\kf\\\<U\S\`6Ze\n\@\\\ur!#)\\+**X\Df++++\+mhh\\\\;2]R΃I\\-`7|QPPx\\'y\4nSL)\:\ߙ4i!\\0f\\͝\\/))QN8\|\[\R}7A\!,,\:!!A\\Q\Ђ!Vijj\;|0+O\\Xᣏ>jf	\\Te6mH\]&O\\F\mGw\\\YپrFCV\\\0???dIL\\\\/\"<<ܚ)}BCC\#.yyy+W\_\\Z8^tɟl|/%H\n;PA	jh\'N`\\5jh\=nܸ\k\V\:ϢϤ\VWtrS9%&gA tX,\ݾ}{4[D0OT\娠\\>\xK,$%%0VJ\\/\ݻ\t&\\ѣ\l\P.\#<RXQQA@e\ݞ\?[			Cݷ\\\rѢES\'L`\\\\\\\\+\7n_|Y\\\2r\5U3f\pd3G\\\nA\\Z\\\\\kdoJB\\\nf\\\\c\\\r	(\\˕t~&\\"ӧO\\\\\\OkkkoPPP6cA\0x\לw\\\\\gTWWw\'&&V2Oo߅b\<\7b\۟nݺ\;w6B\@SSz\4\\\V\|\g.\Tlٲeī:\\<\i7n\\\?\0N׋999VVVt\R\Us\N\\'\"\"\vϞ=\!!!<Bzǋ\Z\\0gFF]]]*::|}}A832\gԩ\Z\ڵ\s\tѥ\_5Gr <-LTu\\{\\\R/ptt4߰a\\ի\hS-\1\n\;<<<,n\rGgL~\Ww\Ҟ\n\u>>>\ׯw]t\@4660ݽ\L<\\Of͚e\\4\Aϖ=z\̙3m*\:\͛ǧnut1\09t񥙙X\\rA\7mۼ;\d\.Ȏ?\r\\6ӠM&bcc18\fl\,oF\\J0\\\_߅7oޤ4\)??{34%Մ	l&NhKӶCCCm\(¯n\ڵ5hu\\\ԄPMMMS]\\\>M\\\i\\\\\\\Jo5%==]\T2w0\08hE&\\'\b+wc\\ի\\,B\ryv\\Z΁\2YYYٳgC\K\Z2\hhr \tnttt\V\ΝÉNC鲵Pbh@$\\\\|\\YYC(vqqqwЭ\XCT*IZZ\\ں\'\ӛp\\r\֭[k^z\\Z! 8\ŋۛ3g\h{+8A[\Ѿ7oF\5\5\0\\bwh܏\\.\[lYEzzzA%\Ǐfn\0+D\h@+~\.D0jhS\\\LѣG\\"\Z&&t\\P6\\o1\0\"##Ksrr~Bŀb9@\?hmm틎.?u\\Xc@\N1XE@\o\\W\!t\t\\_`BMW~\S:\Z\\F111\ 6e~zPpp0.:\'NX\\rm\0n䮤m\ztm, \\Ŋ>;%\iP \\b\0\rMgBty.S`Ptpn]\\0A\0-p\\\#qa썁.\RtP(\µ2\;\nh	:f\ 0 +\\"\0\Z\0\d8õ\0\@D\\: t\W\\\\z\0a-grecccFׄ\B@̝;Wk\\Z\N\\.&lA!(Ŝ+\\\ڐa=@`&\ByN\	QRR\RbPA\0\rذa+W\@\lܸ\F\$22\\ŋ\鎺R\6mZqVVV\'AA\\\\\\\rss\\\\\+#\"\"J*++\>\pww8ȁkkkG \A,\۵\5ӵS\ 7\~!k\\)\D(z[\?qiAP(v}`r\8p\\Ąr\l\ҥU555*\\\\\7\t}v\\.AQQQŊbPA\X\Ν;Ǝ~\Z\\\u\kw/_܁h@#44\z\֭\111B5\\-oV\\ލ@\ƍG̛7OĔ\0\\\\OMM~\uLeQ@GDD\{\7b֬YB33J2\\\lٴiS]vv6jC\r|r\5k\\\\\\ݑ۾{\\o\'vAzX,\\\K,qD\!J{:Լs\\Ɗ\n\ z\\\\\M&`_Я\Gŋev\j\\Ȑ\(BYXB\4r\H\"ܻwOy攔\[0	AhWWW+W\n~i\'F`0\8v\X}Z\Z\Z\Z0C\\.]*v\\-\mTs\\HO8!\\\\&qٳg;B>F\0{z\ܹ\r\\1e\;F\n\B1=\\\RF-W^\ TcƌZb\Ƽx0\\\\\'OlIIIi\\\W@W?\sEBCC1\\r-;v\tRcZ~\yAŋ;>\3\\H>\+@+\G:tU& \\\L\4c\G.|\\NՅZԩS\)AH$5k\81]Lb:&c\={4) =\\'<쳂UVDDDrs\$\'\'G\xaͷ ///\\_\e\ҥ\x5	􎦦6m۶\ݻ=9\֭sZZZb\====gϞmٱcGͭ0A̛7~=0T~綏?.55UAhzE\;\		E\\s˖-\U)L\aӦMX=	.ݰaC͙3g\ A@~\^\'O\\0c\ڵk_~\֭77o\G`\`frrr\{O_fh\ \\\v\\\\\\\M\IWk֬\\\h3jA\\/\cŊ8	JIIi`54\\l&As\0``\\ʺ*k\K~ꩧ%\0L@@MNN\\+┚\Z\\\hp\3t\\i\\պ0:\}۶m\8\05\fff\r\\\\駟:9\'^xAc\Ft\L>]\\РyfN>\D4+2---\0\0:\nB5s\̒\\\\\i%\\0h:\\jkkY\A\={xA\0h#F\\;\\aU4Cm@:\>s\\\=f]\8tΜ\0%*++\\0\nb\B\\0v{\\cJgM\?\\0І\\\񱬨\\\0\-󪪪1.+w0Z9\0\^{\`H\0{AH$\@uϱ\"OOO\b\cE|>K\!\s\\D\\0\l\sx\\0\0 \0\0\0\0\0\0@\0\0\0\0A\0\0 \0\0\0 \0\0\0\0\\0\0\s\w7\0\0\0\0IENDB`'),(2,'Χρήστος','Πατσούρας','3/9/1993','1115201100132','sdi1100132@di.uoa.gr',17,9,'Προπτυχιακός Φοιτητής','\\\0JFIF\0\0\0\0\0\0\\0Photoshop 3.0\08BIM\0\0\0\0\0g\0y6W9lAovBzJNnsbnMW4S(\0bFBMD01000ac0030000a71a00009c2d000030300000a9310000a9350000944f0000b9550000d2590000585d000055a10000\ICC_PROFILE\0\0\0lcms\0\0mntrRGB XYZ \\0\0\0\0)\09acspAPPL\0\0\0\0\0\0\0\0\0\0\0\0\0\0\0\0\0\0\0\0\0\0\0\0\0\0\\0\0\0\0\0\-lcms\0\0\0\0\0\0\0\0\0\0\0\0\0\0\0\0\0\0\0\0\0\0\0\0\0\0\0\0\0\0\0\0\0\0\0\0\0\0\0\0\0\0\0\0\0\0\0\ndesc\0\0\0\0\0\0^cprt\0\0\\\0\0\0wtpt\0\0h\0\0\0bkpt\0\0|\0\0\0rXYZ\0\0\0\0\0gXYZ\0\0\0\0\0bXYZ\0\0\0\0\0rTRC\0\0\\0\0\0@gTRC\0\0\\0\0\0@bTRC\0\0\\0\0\0@desc\0\0\0\0\0\0\0c2\0\0\0\0\0\0\0\0\0\0\0\0\0\0\0\0\0\0\0\0\0\0\0\0\0\0\0\0\0\0\0\0\0\0\0\0\0\0\0\0\0\0\0\0\0\0\0\0\0\0\0\0\0\0\0\0\0\0\0\0\0\0\0\0\0\0\0\0\0\0\0\0\0\0\0\0\0\0\0\0\0\0text\0\0\0\0FB\0\0XYZ \0\0\0\0\0\0\\0\0\0\0\0\-XYZ \0\0\0\0\0\0\0\03\0\0XYZ \0\0\0\0\0\0o\0\08\0\0XYZ \0\0\0\0\0\0b\0\0\0\0\XYZ \0\0\0\0\0\0$\0\0\0\0\curv\0\0\0\0\0\0\0\Z\0\0\0\\ck?Q4!)2;FQw]\kpz|i}\\\0\\0C\0		\n\n	\r\r\"##!  %*5-%\'2(  .?/279<<<$-BFA:F5;<9\\0C\n\n\n9& &99999999999999999999999999999999999999999999999999\\0\\\0\"\0\\0\0\0\0\0\0\0\0\0\0\0\0\0\\0\0\0\0\0\0\0\0\0\0\0\0\\0\0\0\0\0\0\0\0\0\0\0\0\\0\0\0\0\0pVz4`2[\TRb\0@\0\0	D\0@4\0\05\0\0A*K\\'\\Z>C\=sqw4\\0\0\\0gѨT\\\JyVyOL+@\0\0\rF\ h\0@h%QR.*\\\:\0G\N\\ .\9}/ښO\\\\\i\0\0\0\0\0\U\衊\0	\0>/c\;(\0\0\0\0HbEK	D)\:\x\G\jr\v\\q\\n\>qk( I\w\̾\Vu>\W^&\0\0\0!\0\0=f-F\Z,\כZr\\0&n\'N\r\n\Z\t1Q1\\wy\U\ɛ\8:/Cx\k˴G_&yQ\\\wvGy}5\\\CFW\q\_,\\\ƈ\0\0\0\0\0zd\EuKb`\0\\\r\)Z\\ؙu=7\J\<l\\\rj\*\(JBŐ\䕂\ \^J:W5=g\Q\ׇ\GUƀz\Uu\Z\\0\0\0\0\0\0zbh\ZBv>B;\YBjMr<~~\rM\?X\n2:e;	;C\M\'9,͕*EH\]2\e %(\\r\S=2i\?5\Fr	0\ÿ\=\WԠ\0\0\0(=t\Z\0 \ZnZWw\`r\ʗ\}?\\s\\\\,Ț3RS&*$ֲ\\a,\\\1\1靘ZF(/*:\ik\\y9\i\\	\0\0\0\0\ZP\Z\0\0@ܳ\\N\0F=?/\q\d\\\4\6\QJ\rJ@C	N@\RZET-5\L	c\&\ˈe&ϲ\\,<\0N;J\0\0\0\0!\0\Z(\0\0\0\0\0\0\0$\<\{l?Y\%d\ Y.%ХkMhTΥ\y\+^ӑ\*V&b\Z*	\r=O[澕z\Zp\0\0\0\0\0&\M\0\0\0`\0\0\0 ^\%x|f\7Ȋ$\pГ\%UzcQgu΢uKϏV6q\X\nunXSQHh.4#L6 y\\(\'Lٯ\vJ`h\Z`\0\0\0z`P\0\0\MP\\00ٜo\xq\\d˝%ZZ!R),\"^5\gKSlt.t6\gDcDW6]y\ǗV\Z\SK|\XjQ\\\Zr7,Df\z\0C\0\0\0 \0=0T\\\0\0\0\\\0!\r)+G\a^\Bje\'Z\g\uu\]\N\L\)\45A\1˧4\\\\\x\.\'Xi\rEiC\Z1eGFSd\r\0\0 \0b\0\0\0 bC2s \0U\y޷g:+Ӊwg5Ϧ:\sP\\hʄ\*\0\H\9c\\:~>\Zϟf;\*\5\SiJF\n\\0i6{\\44\0\0\0@1j\K`\0\0\0&h?\<\\/Vkz\'^i\Z\lr5K[\m\!MMLI\I\,\ï\nw\UK*X4L*h\\~o\r@\0!=d\0\L,\0\\0\0\0\0J\\{=q\'˟Ny\f5KԌC:E)e$RP71\r!($I\Uo?6ŏW?NS\rk\0\0@X%\Zcj >\𽸴@&;\0`\0&` \0h\0\0S3.=#\\Rtu̹5s*Hrf\\癢\;p\\rgLp\Ӆ\}ױ~/Voy\M2\\\\\\\9:cnzqCBLhL\r\0	0h\Z\0		Lbl/\\\J\&*&&hs\cΜ\ӟFY6F/\AkcW=\8\\\srz<ڞ^=|\x@\\ZONv.玬(\W}Q\E\\0	!\Hh\Zbh!\r0iaE \8z\yV<\M\\\\)2ˬO+\|\\ts5>f/W5햲\ܹ\\\\\Į:q*n\ϣlh\\gw\\\\Gr0\0\0Gbh`\0\0\0S0h\PP\\\\\Ly\7>L\\0+\ۆ\c3xFDQ6:\\徼\WF\\\Z404^\l:\\4\=\r\\N)kN-\\\Q\\\qo_\|\\\ơ\0\0\@(\0\0\0\01\c4)PRuBhy&z.Lp\N\%\;y\:o<wنwdn\\\Mqٲ>\\=)M\OH\*zi.f \\\\e\ߍϓV[\\Ug.6\\\ם]\7O\}o=&\r(`\CP0)4ch)s\?:y\f艿==ë	x8>k<\1\1ϭ5SN3mcM6:5\,IX\"6ڨ\I\=\~m\y:&\\\8;/>Ϣ\\\	!	,DB($\6!Pf)7\`Y\\/3YV貘ǭ~Wr\˝FWeg)\\S9ojm(r)sbNQ!T\\r\;O>\Ms\\\ф>W\\;_~T gK\nՒ%Z0\\%iY\|\{\![0\K\\zl\yv;<\0Kח\\\͆cP\Ti\\rL!\'+$ѝgH	\9&뎩Z\\\Ͱ\z?N\\Q\}_?PR$\	Ǵ55*+\9d\\,\~g)\qs\o\^\\K9V@ r\xz\\gG\<\Xgx\9\dW]x\y2@&\h	r*l\7fC\\\>\)\'\\/[\\\\\\@\O,\\\',sٺ\U\\\宼,\z\z\\|\\0\nP@	Hb\=~g2\\LW<c\\ut\Xܺ)IRI#Dӗ(HE+&4\̨VM\fT\\-t\\\gFNϷ\z\5RLc4e/fur^fxRdq,I;n>+\\\IJ\)\)J=/o\L\3\\;\,3:N6v\)$g\\z+\\ͷrJ1 ebH)lM\ZEE\\Q<X\\\\'\}>:m\'S\Z\v#=9hrQiI@9)$}?W\W\0YeO,\&1\0\"\ZLߟ\+\\r\]2=+ʎ\\\xE5\"\0SQa.i\\"MY#E͊k;&eL9s\\>\}\˿\ˣӯy\T\\y<=ּY( \E)\n)\\|\\~\<\9ͼ\\r*Izg\t\5<\.\09\~tךt\fR\)iR\\ow\"f@T\M4*6+2l^YWW?I\?A\t\ģ\Ժ9s} t)J\ZHbj\f\B\)E}g\	\y~|ar!\nM\gk3~\&44ˇ\q\?+\<\SM\vV\]yZsTne &P(4pK2R\\\f\\\˦\%8mS]\\\DH4I\"\r\W\uWץiz=iq$hI\Og{Ǐ\\\Oq.Ve\\\NQfi\\\:/ur\Ucr\d68q`Is\ZIe8h9\rt\\\Ǭ\E\'NY\4ns\ݹ{[4IPЊHTNVͪ}O\_\\Yp$%J#\_\\ο;9DzLVye\nc:kk\׻5\{ܘ$hBQ\٩VO+YQSeSd\khV\\\\0\n\@\\\0\EI%6ɨy`\\G\|\\~\\\ȹ\e\=ޟ\\g[\\\\\asg|>_5zоyS]QX\Q:_5F󘔒BgD/9A\YR\Gn^SЮw&ؐ\h\0)\%LԽR\y\t㌖\heI@ʬ\>\<W\nTcK\w\\\*5&\u\0S=#&ɭV9\\\=\\\x\-\\:\\Q\o6aarԫ8\\N\uygԥjh\0BF \0\ZE\"Q\\=x\\3\	\%	r\Z(5m:\u^YǑ*|%\oYwS\\\\m\Y\|YteY\78_U\o/&&uZU8\:\̥\Z\f+vNӛ{$`\0\09s`r\&Y#>ߜ$\\rɯS\U\&\ȋS\w=3\\8\)kLn\nX6\\}w7\/7\'y;~\0\LV\\\\nRVk/\T(\spvV\J\:٤hM\rhCBr\L\nf৪뎸924+\\p\\\'B\\\PJ!C?#_?9g\\k\\|_o\=C	=\\}\3\\׷\\\\l4|50\;fg5#X	W\"\\\Ǣrq:Vj@N\0 W\"&\\\΢]\n\ҍ^\\rO:,JrEiϤm\\\#fjOG\\s\\\\:\>\\5ۉ\כ\\|C^\\zY\L\/gg=b\\[4^q6^N5I\\0V\ZKFm%6\0\0I\\f\J5Eh\emνܽ\\\î}\"\\d9F=\\Z*MKT7OϮC\\0/\w\\\ǝMM¸Iշ\\ֲm\\7ْ\-\u\\ʱ49\n\3\\=UHm\0.Rwj47\Wa\j\K|y\Z\t\4\4\ZEVELmJ^zz\^\}\^g\}\]\WW(\ZJ\\\\\\SA-ͦq3\\\0l\ \0C\X\7s&n}?\_\0\nk+Bljo\A\+=)\I\s\ZIYm7\Ƒ\"b\+-Mr\\_U.\^gΒ\oK3\IYJ\[9g3\1\eM\)$Wf1RE=Lo,[e\\Ǥ)Q0\\'\g_*	\\\\T\:^\Nq\pMr>?79:\i:\RM\Z\a:B\0TmTK\}\}]iMoG.uihɹ\LيZ\\:\\Y]J\.\c\\No1	6\M\\s\\hۺ>Iμh+\6`]9\ׯ\\\\&\\O^\\\\\np\ZͿi\d\6Bmhs\z\*s\G\\=Sy>5\ZΤhNƐ\\4[\j\ʛ\?O#Ǫ|\	_=L=D\E\\.^ѕW\C\nH^\E\uY\|t:\|\!)\}/\}-\ѪO7\\\|S\\\'7\qr\>r\sb\\]b\H\󞹚H.\nә\f]\(Tf\"Ҧ\#N#\\\\%\\\\ƒ\\\\d5PҊ˗<\M=f\/~N\.\(󶎔\\nw\oN\xp?J/\9Ak\ƸN\k\aѕzFδ\7\l\uƮӌ:8;\'e\=TE<\J\\\\璩Tڢe6Ѥh\sg\9\u\]zs\\\_6ҩCK\Y}y{e-Ӥ܉\w\{dyL׵\zvz]]yק\\^\g\گO\>\\\\\0D͟|ߧ\Z\\\#\\r:9\Γe%cU\5\b\I2`\=5JK\lT@hsBF՚\\\BLw\\d\כ^{\{rz\\\-\\cӎ:\Ϣ-2Ea\:7{3\9\'F\4 0C!\\0+\0\0\0\0 !01@2\"AP#3C\\0\0\0\PL\0#̃O\\?Xn\}\ĹH\ߧ,F\b#\iv/X3\'i\v\5\\\#_\Զ퍏\~N\}4\u\yU\kK\\#\0\\.\/UߣPi_~<\\ӳ{X\\[d]\\K\0Vu\;?Y\\0_^<$7|\Ts!SOnH\")-\[O\̿:Ziq\\}HˉJ^<\J-yE\7y\\9\nG\|>AH\G\\\lY!;Wj\Kd\\$\0\\߶?\\\TrEs\\9ϒ\'$r&|\5-VX\廑g!I\\"\\f)$dj\Q\92\rؽJt\'}9\igh\\.^<\\]Y\\\5&JD,#d-ٔB\[Xs/hdp>kQBi\Z\d^\0\\\\fN\,S\+rq/\0K\[\Ge\}U轓\\1e,&՞4\ߪ\0\\ʄ\\,~$\{1컞\\9u/\\r&b\\	\]9kI:y\0\\ڋM_\\\%9\.EBCوG\'%2\\\\x3\\).6r.\btNV{\\eV\n2/qxs\K\kO\\\m\ѓ*\GQ\<y\W\o\[\0\l\Z\')m7F\\t\'˧X+Ɵ͌\e2\\\C~\\\\wև\mP\B\\l<޾\2*\g}\K\-.^5Է]GW+$eq_\N\\5_*%1>h֪\3К$\KQĢ^륋p}\҇\"L#9_{C\\";y(%\r\}dw]+hK.\02h}\#41>-\(Q(h~41t=\FO6Iq[-˦\\		\\\}lC\[xr_\I]Dk߮(HH\ZR\K\6Ĝv~:($W]44?fR_\ȔI}Ye\EmEl\)\U(>\~\Z\Z2Ǫ(H+\Ɖ!\/̨Ȣڊ+u\d\\C+m?~L\J\q\Q\\Q_QQ\Z\Z+ζF]\ֿ>n\%\rN%Q_M{=غWR(\0\#M\EtQE}&441\\i]+R]\0Kފ(+\1=4\?\\\dc_Gz+Y\\Y~-\ѱ\/\/-c\r>C\9 \cD\0(\0F5\{Yc̓[^[dd\'\\\"C$5t\\0x\04mb_xl\\\!\s袊(BKDׂ\Z+j\\\\\"RQEV\\D\5\F\\Q\h;\\\\\\\[$\Lr,\\,8C\AD\\[h\\1Ye\\\&=KnG\'wB{t\C\	%\Z5\\ccce\e9\r\[7->6hOt.J$\2\bcVU6\Z/kice_C\'\"هiN\'GƉ\hf?kiv&&&I	#F\\0&9r9l%Q8=%\!#^\kQd^\ ś c\r9Hq%ġ\C Rg\f<N\C]\4J;P\Ph\.5gr\\vHh%H{Q\\H!DQ1\(d\4~\0´j\",\ｒB\\rFd(J((@Q(#\ِzW\?}4Q\,\e\\%V{J\c$1\G\\q($$Wя.\q2(\\?\_n\3\0I\n%\\%\8\"\ZeyW\M\'ġD\<	Gg\Pe\Z\\,2\\L\=^df5bWK\q$K\\5\0\"^\Z(ż|\Zq4߯պ93E-G(\|S%}̘\\&:6>/Q`q\G\1\'Ì4\?.dOOg2/)2[1X\~j\\G\Дd^I\"jq@,\\r*;C\\*\\LplLcS\~W\dd^\JTN\\#\\\?\\cf\<lI.0CLxO\c\"\J\'\29\3$mH]/SG/$\\KQ.i8G񦺴\\?IfH!\i},-\\4-\IvO \{F<mh\;Kw\qGL\>2\JJCCr\\\\UY<z?\q/k,\\L[1g \b\!o-\L>4v]V)\|\\\$}\Z\ԯǡ\7C\rg3\\^\R\{2\a)CE2\"ݏ\`wY\~͙\!Ȳ\*>V|AH\\'r\\\{،\Ѥ\DL\u>h\ye\"\\\92z~\r\'i65k4Ze\\[\\ /-B$C,\DȮ1\\"\'i,\D$\/Qu!θ\\0K\0EHٕq꣈$$D^\{/\\y\0\\*Y\0ИJ$vK#\\e\bd\kOä\c\G,dfH)\XCl\\E\\<ٿr9^-\{@\\\\{Q\m,\ȉ!{KԐ]7r,b\\0Z\}^	^34n\rT\qےCvc|rcwHcd\PEVE_[3\'\/=heSufC\\ϖ3\"\fZ8HB\u\eY~+/kZ\\'\\w\\,}\Z\r\d\\\\q8!S9\>C\rg!HLLLe\/k,uŔ\gq{-\B{;V\\p5Ѽkæ\\=\zNC\9\r6r;BLX\#\+k,\[-J\ߏے9mG/\fW	v\\\r\'\Z{M\\JEYM\bƖ\\/k\\X\\Em\(h\~1㗢\-\0#\TMY,Ȳ\ECer,\\%Ye\grے9o[Yb{i\S^\û9q\F/\\`ē\ʻ\l\\OK\mc嵖Ye_[/#\"]8J{\gr\͗\}Xم\Mtyc86,hI\".\J\\\Dɚh&\=r,\\x_T\.{/k(\Qc\r##C+\f(4.$S3# \f8\\9g!EEl\e\\0C\"c\\e{#\n4֥q˽DȊ\iDP[7\qƓ\+\\\nM*ʽ\Z\HyYf\\s]RVj#C,c((WKcc\\eA[\zcs\\\rl.苩`,}yk4\\^\N[&_S0IE쾝\űcݴ9`hp3+eRtb\fh+8F1\"\\\YcbJ\\}/b[K>3\\>]\\j\Y-:KbcɎ+>\nɑ\"1\,ofcFB\\o-\[!\\K*ȽǴSf\nÑL_!\0\\n9c&%[&FDYcS,ee\\HP+d\H+߹be\"\\oԱ;\C\\\c0\\#1dg;9P˽\Z!!\leYce#\\^\\J+~H\O\"\\\\2 \gGBbܨɗct\9Ye7\\V\KBB龈\Z	lj\YEf\HR/t\6&Ye\,*鐙dC14ro\DK4\\'\l\$r\+\$%\=\ {-G\l.N\kx⌒\>\\9o\\Z{kfcnW\'Ȅ\&G\[HLv[x٣\Pigoڼ\\$=?IJɥ#>Mx=\-\0^׷eYzlj[\>+\k\>8!\\Ō\S2ap\/\Z\?_\WЇ\4\\\Z%\-\Kg[4Ye\\'ǈ\~Ғi\$φ\>|Y2lz\rD\\0ɧ͍=\\[?{\\\dv\1>\\W\0\7E	lǲB裁ħ\\h\7͑\\\Z&LY\e1,Y\0&j#dfw\\\!ˊxD\%LvN\ZlX\\Au]\r#^uC\1\yBÏmnj\qn\\>$s2\Z#|2\"\j0\\r\2\Qō~N^,\0͍\\~[зHDr\'\dvtxhH|PG\pg$Q[F#\\,ٲ|qKlQ\skKgG\4$B$Vz\\0$vS\X[X\\r=\\4pQ8+o>\D|+\)99D袶\ǿ\t$\YI\n;Q85n1\\?k<\\[_\\\\\\\\lY\\&d\x\\\{0\K\D	,1m+_څ\'\P\#v#\rlbC_\ӥԼ~\\pK!/\#O\x\\%\/km\";a9E^\^%\9\cDd\ho\mQ,F<\!cfH\d41e\\\":L\\09,s\a\,qbƥר\GOYOy[Ke\\\e^\\"i-tND#\fo\2Mg脜U\\\A\\11\[k\\g\i֟\54Fr__ {IjurK,eD[KDHt\p8Ю\/\\\"*\6IU\Y\\Ս˪\qt\$2\#\0\\0K<ϋ	W}\|\INR4V\}G3e\cӹ	F)\h]+NEl\3M8s\+hW!	Ѳ\\lw\L\[\]\Z|WxbIv!.ND2C\\\mҗwC\wԶ\IE\\0$\0\0\0\0\0\0\0\0 0@1!AP`p\\0?\0z\\\nH\i(\$$QE\r$$V\\Z(K{CEw\(HCC]Ԅ塡\".v܈\\bOc[R4ȱ\"+cCYH-\{\ėR\\+\r!nhhB\5ԁ\)b\\ZE}E4Q\\Od\r{(\\+dB\,=ulX]%#\DB\&jn_B\"꾼DYys\e	t`\PrDbiFR\E\\}eaY\y\l\icEX\\\cxHWcgmd]Ж, ,\\\X{<o9\ZWؖ{\eʷ\'D]\-\rY\\\e\J\cc\U\౲\z>6|l\ύh\6YyGl67E\%\\\\'B\'\E\\/1V\H[\DQ\\\VzCtG\^%,6Geo	3<J\<2t)a\\g2\#,_+<(e\n&\\n.C\$ȍ\bDbZF\Vx\HEC(hq\n\[YE\Zr)3/+	\ZC(xKl\CǍ[?cv\HUb1Gƣl[$\G\w4ĆxBd},je$EW\+t/~\dU\\Yb(\\\\G\>!E.\S!ݳ\\¿I2+\r\$x\\0 \0\0\0\0\0\0\0\0\0\0\0 0@P!1A\\0?o\.뙄&\Os>!3>2)hu)K\OeWJQ)D)K,R(~\\ܘBj A?g-\\)GŖˋ\\Z\l[\\r\b\a\Ǫ~FC\Z\..ɗ^>w\\\R1g\J^\,#\x\&ө\ǳ\Z/\\0}G#\\z\\n\%\^sXE\!	ܼ\䴄\\\zVбu\<-9a>ܔҔZ%F.ȂBj)J1\~L{Bվއ\'_K^.އ\}\Е!B_ۓ>{!\\\朼?\\00\0\0\0\0\0\0\0\0!1 \"0@P2`AQaq#p3BR\\0\0\0?\V\;N\q2\\\u}\z\\rvDp\\Kp\\\\r\0wle3dt9eUWy[%2a\0\٪iLb\dT\\\xrMS?U.\nxl\cN	\'6\JF\\30F\}!Fx\\'kMZRS<\\0k\N??\-_\5Sź,j̲˙QkJjA\\Z1\\A\U\⁾\x\\S\\dD2CugT\\\\\o\J֒U JY\YEⲋgf.zeH:OI̥,\0\\>\\{\'%,\(Tۄ\mt\VXUS\p\_O\D꒲CF͏\\WJe\Y\\S/4\ukuN{k1їz\\a2v\i׍d\k`xd\B\0*e9qoJp,e=ŋx`a\nj7\iф{4Q٠\Wt\SF|ו\\#D)ci\O\C٢\h\Y|0L \i\쒌ϕh{HZGi\r\0P\i\u3\\'֜&р	q\\\\RL*ٖJdP\y\(x&\墳آ,tL\ہ$ݴ-~tR\\N\"S*q]^qD7,^l]\"M<*|S[\xp>p\\"\6\6\KJ鵙\~(hw\x\'\~.p;\)\Bat\"!\مz\f\<E44ે\A\rMfXW`/NzB\npIu1WwO\n\\c~.t\\ T\+\!w*\\{+T[x\r\\\HR\y`d]E\\L\\F+KN\\r\k<}\n=S\+t&\\+\!p\\y\\	r\)@WB\Yd Kԡ\0\nܙ\y^I+</\W	R|U\\\\^i*6. WIW|8HF(\oO\9	FW,\s o\SJJgj\h\_\O\b6?\\0(\0\0\0\0\0\0!1A Qaq0@P\\\0\0\0?!\BvH4O+9qCAxv[\\Pg;th\\ha\\-7\A_k=9\\B.y<.\Po\j\\Ƌ\b\P\5o*1x\"k傏$\9?\Qe&p\r\hdx鍷Dpur3H\\\n\x\\$\c\1Et$|a~. u7^/cR\'^\n\0\\3?I/\Nq92v\H\i\\\h\\O`V\%ѕqr\'Fl_$u\r\\\r#\Zcj\OOӸg\\\\'\wߋ5y	es6[l^>\7{\^M0p!\n\"Vl\\\\FTLѲV!\n\"De\\i\|&<	dB\L^A]SAY=\\	9$4\5i\<S\k\EI\Bi#fr/\\eȘ\\\C\A͈\rҾ1O*Լrg\#ZvR\^\S88V9D\0Pr6YDp\Z	~\Z\r\D[b6(Hca\]\h6\Ͽ}\Q\J\=47\\\/s\\`\:`*k\4G\r,q\cl(\d 0x\'\\\\5h8\r\=_\\\'(GAkhQ\G\7\]~[R+\\\އ3nLm\^Ŭ\;\\H\ \\\h\\Lglh]L%7\\o۪6\"w;5#݌\\K\ZQ2\r	>\ZxL\\8\FF\\C]t\'ex4sȄx@\OFǯ\}l\!I\'s7BUN\\\β\F\\\.>TkF\Z\\ai\eQٳnh!\,\~jSAt#t\(n^\\H\l?v&7*kn\\4}\\xG\\l3\\N1	bi\3\ZxW6.GE|\ZxQ:7\K1\\OX\\m\n9\\إN\\/\B.\)\\7\;\b<2&âloCx\ٱ\a)Ol\\S_	lI-\\\՟A\A[P\ZR\\\/Bz&yB[9\0%xuiˍʈ_;Jg\r7\\rn\l=\{\\\o\r\bBB^Z\>|\"\\cIt\'94)\\m	.\r\Zࡾ\qF\?\\\Z[ \L=\\\(LLtKJ\\\"\g\r\\tL	&A$45\\bY8	\>\1l9^s#u6D\\Z:\\F\>31 B\r`x(1\9	loG#]dC\B\\'cԆpV\\L\C2ALb.&t&2\4\bz\З{ViCdlA YHBd\Z Q\\\E.[\.&\Mh\R\p\!Cx\\0*	`A\"f О5	q\sr\Z\1\DʰLB	^ 		f3,hL-\\]x\C!~\X_\\8l\AA\!$BxO45X\1\n1Ltֿ-\Z\\\\b$s>ǒ?B\\cQ\'ǚ50ֿGR\~8!Np¤ņ\\1A01q\\\ӷ\ZR\*(O04\ccc\4ևϛ\\;.%\\'\%lcE\m$rL!0ce(\ǿd	\c[x_šacyy+\x\D\'x2\J\{/أQeF;#\\rX^P\\}!\0	*v<\Z7cʴ!\o\nRU\\\t\\p/\B\%&*NL<<ѱ\~!6\\'ׅ\x\"\n\\-SQY\\!\"ɒbcce\\\\\\ĬFs} ň<☈\n\"9\b~Ѳ~\XKkBdla4(\\\F6x$K\!alBmcx\	\01L\E\r-p\\0z\ѫ\Zg%иKC\c&%\r#<\rQ\rT)\\B>3=rh\0A!x1uh\E\qOR\ᡣ\\!aY|a`yh>BX0ĎB-m[9!.г		bxz΄\\˪ef\Ѕ\|#3a1.:\xt-\Z\Zb<<Xn8\f9vh.RAgR\3Qx\\\x\r\Z\bA(\\ȑO<%t	\\Ll|\\rlR\cH7\|.,(\O\\ټ11y!7\\\\\'!W\\\Ѫ\Zm(+cE\gS\\Шh	fR\>	x2e\:`LZ\B\\_~U\\r\F\NO\\\\k\\Ѭ\ρ)|\\2Ex\lcX\\1\rG\!\\	(\\?(B~#\B\\0\F\0\YoBƅ\t8\f;h1vBp0߄daɌ\\ ֊\Xu!̆\ĄӇ\/_ \\\7lҋb6-\n¬\\1!d\Qxc)p\\\8b\'!,rZ.X\r94mlKA@4\w\\0ʍㇱ\4O=\\'\R\\l~,c\Z:Căy1~4\r0Z\ӠYظW\ʛ\KTMNF5\\Ƅ\>+ca\\ፋ\\B\(\s7\\0\\0?\\mq\\\\(LhTX)|Db\&$7\X8\˞L^&˖?X\\A\27Ѷ\Cw\Mτ\\5Bq\H\rAFQ7?\r\d\#BN3\:b[`a1<\?\:\cObkD\'\2?\\zs~\\ۯM\0\7\ƙD)-oRU!E\\\5c?h\\Ǩ\0=LX)4)9cc0ļ\Zc\nǊ<ۗ2{D\zG,\2h\hI$Ou$B\Xnr!\s๱C۟\.(\o\\\$\'\"\u\'\l\)\ro׍\\\!R`j|T.\O\_q\6\\q:(.4D\B\\'&\&͢zF\O\'\.\\0F\|\\pzb\)^n)L\A\\}lz\'\\72\\{cDA\zP\xj\|iJo~;蟊,\k\q9\c\3\L\\\\\rı`\+ጛ\'\Z3OU\n_)u\\i\+\ݰhv<u\nD\)\|y8\i:41ANƨZ\nx_\\'=\\.iK\Jl).Yz\cǓz	8OqS\bWRbL\l5\K-<aɮ\%[o\j\0\ZH1zZ_q<\V\\SA.\"JK\R~B\PM\p9/-яX!\"d`O\n1\\R\hR\t28hn\8V&0<QQE_bT\WU\Z$B|\\\ܢ\\'샃xКXt8f\(а& \o\5(pp\\+`7/|\rB\ݕZŢCZx碻}\rb8\\\"\\z^2\\\^K<6r-lFR\\\#\'Qx&谺J_\r	7\\X\ cWczC7\\\\D\\m\\\\(\\[\"X\MGHOL\cRb.\Qlw	\j\"\7\\'Y\0M|\cPXI.\n>\!?#{Ap\\\\\Lapv=\'\K\b\r\)p|\\\|T$t$\{ȌC\kv+{6CCd/\x.,c6F\1\'\hbpZ\\60\]ѳ\=\\\)M@XJ$Y~4ߣ\%*\\\ѲP\Bȳ\~d\\b(\s\7\JGk`{\?Q3ZC	\K]11cBR\'߅)pR\_oƗlB\mĂ^1%d-#CX~qm=\Z\bĤ{\v\ފt1\"%\ƂV^T)G(\\C½┤!|Q)R\rA0.\7y@$:\\rdn;\|Oz|\riJ\zuHQ\Z`M3r>\J60\,*\\\\\4:\\rG+\S\l/s\6\ƏJ\"\,M\\u2e\\ZE\\\4$\\x1sft\\x[\Q<A\1\\+\\\~*Q% ȂOCE؅\\ZF&g^YdI\r7[)9\\\m\\\n\D\C\\\X\\67j@\\Z?+\)F\i\ٛf\DЙ|e3Ў\8J\{~H%vv1yCCH\r\\\\`\OD!`\\r2v6rQo~)A\\yy!,\Y$\Nп;5\K\\t4\\;ch\=F/	45a3\H \c䰣b8\\E)\.(\zy}	\\:h\Z\CTzdwn5|6\\<\\rTC+cj!\Lll5Eů\r\~\\6:\gl\\Xƾ\n:\"\"\C-i=b8\\\r\uySb#(\a)~GClw<\<RHbҨT_BPM\J\\Z\W-\\\\EZ!\\2xJ%C2\h\\'b\9E\\\R\\33(\ t$ \\\y\n\nvGyDB\Z A곳!v/NQ\^\\"X\\ֈ\\\46\Z\"\\rᇰ\1\\\1?\b\7\\[\)FiB\\lJCXƯ{_&EĂT%\\r\9\l@\\0\&\4\\\\\/\#\i%\\p\\\\hl \\ѱlYAؕ/\\`B\\4=\\l)G+a2ZCn\EEK\m7ئVZ𒋈\==#l5\ٍ\\c6q\*7\Cc^T/pHHH\\\gv\c]\8ei\:\cw;Z6\nYҷ`F\8)c\\oY1K\\tJ\:~etBB\3\ \G!\\|b&c~@\\Z	;[i_\\A?\ׁ;3\˃أ\KCcgvo\l{yB(O\h\Ћs\a7p\pxuEᑞ,:v%~(xJ_.}\X\\$Cep\NR\n\r\!\\_hh]Qe\\\Z8\ǎMd!($\i\r\\|WG\\0\PƴF\M\cbn\K\||\rZ\rh\ta9\\ZA\r\n8O\Ƽo6\\ňlܣ\*dclE\\\&\Z$@Q\"\x\' y\&L[\Z<cXzcUF4\Z bCAy>Tz؂62攥)s!p%\;0ٳ(\ѮO\މ/UbH&\x\-\\\!zFg	Βb\\\n\Y\n\\,:N^4\\>XU\%1\'4Bn:=D1`q\PLJ4:\Z\h\\K\\Aɢ\0\\p1J\\C_N\*At<\\p\5)\\\\\DI\_H&ΘK\A\'\r\=0epA# \H1b\)ve4\\l[@n\,\9m\ot26}X\68Ao\\t}\\ng4r\\'{\У\q\ahh\\rlQ\Z\\`Pc\i؍\&$_#xcȎI\BFRG_\!#C;\r9\6M\Zq\9Y\\6!:\\\\-bf\#A\ꦶ.[eؽ\\\9[\{*t(/ǅ4oG:j4p\m{9RxKǄ\"п\[։\#%F&\ظ5r\>\\0mЮQ5!Qb1C\BR\׾д\\h*w\2\\9#̂\@4<$sª\J\'1ah&*L\|\C0m\(v93\iiq=	\|]\-\0\h\rLs\ߣRmA\w\\\tp{\ǯ(Zu<\'\\wH\q\\<.\#\\Z\\i1벴4\\"\mE\\+bϜQ2\\\FQw#\xB6n!X\nr\cЊ\\ZN6\(mB7OC;J\ v%C\\2h<W\\r\\\\0x,\v4vh:Z7\+=F\oC\\fQ+\r\Dۓ·\_6o\r9bR\\9\\'̉	\\\1\0NS(?\ŋ&8MGPeI\r\?Л\0\\!)m\L\ЎF\\0\\B|)\'\\]\c;\Z8h\el\\Z	\\9wHl\\Cd\`2Ĭl\[G=lY\\0\Yc\Eb\uٍ2\r!B\r\\[{87\0#i\\%>F\4AK2\J-a\\\ˁ]\Z,/嘏\~u\nGC!\\Z\ob_\_\%ؓcG\11dIMb<6\^%*\\0B\'\i4g\\0\0\0\0\0\m0\t\0\\4IUX:ߘB^X$9tIf)c0h\ǁ\ZJ@\Q1B`nyE<\\\"#\!`\JϪ\_A\Rev\V\\,$-&\=\\\r	:׀\ry^a\e-(SaزoItQTy{X!4e\rY\\\\'X:Mֺ\0\OI\(@W\qˤ:>m-\\\E8yLɇ\0<+8\^Q4Hfy;\˒\v\rۆG#b\H\"	\"\xO}I	8\ŖY{$`/F>+\\}\AG40\\u\\0}dI\;BHq\\\fy 0\\n\\c\<`\\XEq*:S}\E/\\p}p\Z,\\0ms\J@\y1a4\I\N\|Pz~B\~ڀ\"\;\\6Wa\I\#Q]CX\nj\\\eO\𺾺lpqvm\Q\0_}<=~B1\"=O\\7[\\\RQ}\7\\%C>;dX\3KI$qD\?v(\1ԗRt]h[\\x/\cۏ]EqQq \xy ĚdM<m64\Avڔqڰ\r\P\'>K~~<\\d? \\ M\ڼu\\j\n\pp9g\JأUQKR	\ʨ@\Tg3\\i+E΋RFw\T\ViR^H@\$믵M!\)3E,	$x\.{9T8<\tk\WZ\]\"t[Fʓ<l-\Z\\\AO\ӑU%eq{ub\y7\sGZĮ\oo\,\ZAk\`$2XIjch3de\DH70*\04@s*ׂI֑A&\\(\LCt\0eT\M1WCG\I\p\r0E\'\\Z,Z\ \~d;\cem\a7f\)$\nȞC?)@\iQ&\إ;*\C]Wu$\$\@uQu\\){LS?o[M7i\1\}\nB]h*hӋkLqh- JwRR8Y\eTt4\t}T\YEx3L)\Zf\n\n2S8Q(7\\//lsJJ\\_uN0\"=/\	5a\`2L\\a\}UQM\$EF2d\,ߤA\\'&\mn*h#LcD\3\Se!r=Wfц<\]\n\\\"*JP\t]\l kg>H\$MmŁ\\Fs/bD\J\\)rxc\n\\I֤ް=\g/\Td~6\C#Lg\\iR\T03W\\u,L\\T0olJ?\`ZM\Z(5斨8\o\\\=Z\kg-}t\%ؾcoXi\0_gv\\(5Er12!\'פ)iۯ\x\u\0^bMV_\\\\\-\cI3/\\=\zuo\\0!\0\0\0\0\0\0\0\0\0! 10@AQqaP\\0?d\\IǗ\~\>i\3\~_)J+^hC)K\\G\\	\\v/7!L\\+yYL!2V.p~\D ,\\\"VཙBXD!<$\0\DXLB\T,TPKx0l \\'\$TB/)g\.\\q55\<>.\r\8w\u4$eN\Z/ӈ\bI\"HA<5#;\nL\"\I`\\hos\Z\\Z\n\<:\rc9\\P\sB:\z0h\\Z\\'#Y,u\\<\J\"b;f\qc\[&:\zZ1Pm̜!	͌b\(\'[\nK^K\\\I\c\_|\\⋓\,e\/\iM\c\b\Bf5\'ɸm\i-Ǖ\"bAa+IR\\\\Y\',\\c(\\	ؙ$C\\E)pG\T(45ecx,q9}\r\\|PB\M!_da1J1qDB\"#_bS\Ј7\ny\\\(\\G\\-uQҳex\'&ٕC\"f&,1llJ\	A7\\c\(\Clu$p7G\6ě\\|Xęc\Z\D\c6BJH[e\\px\c\\3\qOG\]5\)F\a\ͅ4X\\\@hGQb6d\\(L\\5ɔACz\'m\H\\"cpxڌZLTlcMVcLKjaN\sp.%\Pb\؅f\\%ِ_\0C\8U\\r	)vDx?\tĢ r̄PC\Xŷj΃tYaQ\!\LH\\ƈ|L)\0E\5\n\Z\4)F5(M\\\\Z(l\\Xlbаh\-1SPcgA1\.푧$lF\_p\nPu:%\\c\"j/-b\r(X\2>D\D5J\r\\\\t5}_߸ه\?%L}HI!\'kE$᪍̣؄\n,XG\\0\0\0\0\0\0\0\0\0\0\0 !01@AQ\\0?C\\\^?Cv5\$&/:dRsDDXg\B}X\pbrɈ}W*_$WӺ\C\?)\	\\vBBs\Qz\"F>ǫ1E=i^]\9\D\o\\1:\1	Qq~\D(\G)D\\\'qcl(\8\.\6QLa@\'/ (\K\p-^t6RINd\$}ZӕKQ1n2\"p\;EӱHEt1y2j?\k!NC\\\\|\rhN\\rE\,N\rGC7x\"\,c?\pX6llP\\$,Tjإ)y!h\OKY&?|3\#\\\\\\m&.\\HZ\\'H\bc|>8Y	N\\X^\&.\=^\\\.EZøFG\Z\n\'JQ\֡pBZy\'򍎼Ї]J>\\\AjqՔ~!;4\wCD!t\\oO\vd5؄K	k\|g.ΑG\ \Bbćה\	\xˤ-7^^0t5	T,(\XHDӢ\ΖC\]Zгy\g\ZH!1A,; HB\"k΅\bD._$!gk	\\!5|p\\j\IBC\BZ\\n::]q\r\>}\-a\7Bu\Ot Q/ŋ(!.WE\0\.QZ-.M.oe.o\\"\!	6e\..lo_Ce\8A\-\BA^,^\nZ>K[]\ƄTRX\03jc\<\Ho`\s\\0\'\0\0\0\0\0\0\0!1AQaq \\\\0\0\0?8̙W	M$ZE\^\\Z\\B\x1~0vk\$L~Fǲ\-\\pp~LI^\\A9y/{-E=ErJ\#<^\'y1\[$\\\`v\u\">\&x	K0\2,.Eg\&μl_p\\QN\㏋XN|8,LEemXr/[Kcs\\0\\\\Z}p\LMx8=\rCފrWN1G[\x?<!\ra<c\z\Z0z6+;\"o%\̓h\i*[Ȃǁ?\"\ؙq1\]c\Z-/o%O}NQ\Dz2eoF|r\\g?vq\\0\\F\л\\?\Z\5\ٕ-;\F\\_Z,2p%%I\\֎<\N<\+D9ѪS\\'~YC7Ǒ<C\ѳ\8Ǒ\r\N0)&_Os5Whc:Pk{=.}\"9\\\)U>\g?~#\nx)\n|\g\ш}\ЕL#p2\\\֓)T\->X\\N(7h\>M87\K<\Z\Z:\\\+_S0.1\G/\\"\!\CJ\6)]Cp&\\nMdz=FR\`\hڳeE!\ҷAVMv,\NJ\\k\\<k٫W\;Zu\y+\r6`wHm\y+:xEu\ǃ\\h}|1\m\"5.\VL_\ҏ\d\`xce\7o\\z\\'oVŃPdIƂIN[bwvfس\*&i&-!Vƕ\\\;(ɘ(J^\#\\=\T\$Y2\Z`\ض>G\j\FH\A\\'\n\%$7\fb\\G\Z;\ÿD\~>v,gm	BÇO\\03R;߆*&GCCFFk\G\_\r\\rP\c\Y\HIp!ZMCb\d$\]X\]ڥmS\Cf\e\.c|75\]\\\<8QAա\\C\oហ\0bβD\MmAu	B\]\r\x\}\r+3Ы4mVo?\4\"Xؼ|}b&V?ɞYL\ZQf	{\{LF\\M_\\\\\\׌7\Zrb	R6ң.u!\io-$oL\\'X=\"炎c>u\\&\n/\\rؙ\ކ팍\2\\z$8$\\\I\r*\'c\$]:\͹@\ȯ	\,mm&`l\\r\';wIk\Z\\&p\\\l\r/\n\\9\"%\?\\'vq86awoNY\'<NA\n9H2o*:\M5\\m-yiV+m<j\1׶Ӵ}\r#`D\boǣC\OmOFC%PJDЌxzz\4o\\\k4d\Ʃ\\\r$\$\T{y\J$\Z\$Kb\&3iT]1v6VV*͂\xF\h\\\"zEB?\\\U7\\E\FN=.Mka-|#%?}x79e4^ťȤqНw+G\6Z\ma=24!ΌFE\rxߑ\\\{d2	6.%= 8<%}\\ٟ\X}\Slo\\CiD64\hj/-d]wLD,\Zm).)I]A}?\\Gv\!ϱ\\0\'\'\g\\飿\͖\\Ly\~\)M\C5\Eʡ\:n\x%DQP\!)\ݳmmW	\\«DִLjQ\"!\\zR&\+zmf\E6\Z\a\Z.dXt8\/f	\mO	mamp\\\i\\nj|uAءF\\ZB\\K\|\`H=yS\\81\\\I+YZ\?\rhϓ&M\ϳBRS]ȫI\0Ü/B3#6\x/\nB#\Ų\\\/.k2lUp7W\'%(p\XB&nX\N\ȣ#K\\ɡ\rIBxt:\\\nq!\Baz%\,L\T\lC\22k\l\\\FІ*Iqc\\h$\\jԯb\\?Mh\}6e5\0AfO-\3\<?\\r\븮R\ճ36j\\O\rNԢ]K\r$]b-\rxp\\\{T8\Hnτ42DL2%ܣ\r\r\u\js86_(N\'o),0<i?n\R\-3z#F\\\#D)\0\\]&.Fll9WQ!\\j(uIe8R-MO\Ƕ~߬\r\\-[\r?ɑ\>Y\7&K;2fc\r\'W\"\n\d\Q\`\V{+\X!v\\o\ruQb3\S\\\\Za	O1\e\*\nTl\s\0#(̫Uyзc\yF\\OAO\0h5Ws\麨\	sg\J-\\ܷ\"\6\rϲu-LK=\nhţsG\y&f\n%ثٖ\\q\o\Q{仨3Ŵ\nMŇ\OP\i	}\L\}\VZ\p(N\ra\\Kx\¶IU9\V\\m\\\<\\\lM<L\nZ鲣m&\pncU8X\<-\'\w\NJs\Kc\Ot\BZ\J`٦\{<{\%z3h\\\7\\\\\'Ѽh}\Xm\0bV-\?D$R\4\e\FgB\o75\\hɇIr.ǣ2c3s9DT>\\ĸ&q\'| 6ɖ\C\G|\ZHyo\r9ˣ@tpe\\euJLѓYtk9f^P\k5\_YG\\F,\\"{\\\\\]\\\\\\oヌ\\y&9X\ҖxK\ʀ\B\\\nJ\f\"\b\C=e/b7\!\U[cF\qw}f\'}0h\0\nO\\Z\\ Y4*1	H\1\:AăU\\\<e\9]y3\:C-N4,\'p藡\\N\WFo\\Oa\\\ݧء~?q\C|\Hjg\re]s\iZ\0\1Hl%1e/\\]4+\i\?\!@\\R\Ryy\\'\lOx\'?6h`,tbaSEv\y96̪Bi$7\\dx0z=|	.F#k(\ӻ+\\d\\D\T.\'\'\\\N<\\=ѯ&<|\\\GY\\\\cG/B_I,\\@5\s3JI1CZ\,\Љ^Wu\\H(od%xș<X\k?\v;\7EMlLn&CT>q\\\ZW\%-u\"h$M\FZ\K\[;?B\t3	6W\z8\\YGf\~?!|v\\\\\ƙ]<|z\a\24\Vb\\D15aR長bF`{x\/<]*й,\\ωS\\hM,\yk=6|	ʎ\2wF):d\[,G#TؚJQ!\/~M,\\\yx8>N44F\\Z~Z?\'\e^\hKBIz\n\sІ\0/$y[*\D5~\\\\U\\S%,\"\\Ǒmx|Nvp\\V\"%\\\\5rQ6!-~	\9F\n}W\\0\i\\\\"\0fU[\\ȞGc\\rG1<E~\._;x8#ד\zEgѴ\\\cI\hnZU\nhjٜ<M>XӃHӬ}\\\\9\Zo\)b\l<\r|\X22O\vp\"5\\\Ln/\)̕!df!ʈ[\Zf\'Spbu+9WbX/ԝ?\mi:NF?\\Fk<\eǓt\>\0̣\\\,.F{\\[\\'\\y\CF]\r\`F\͍\"Gp0\:S0hRHA7B	\\ތWyoi֟1\Oq#p\\d\cK+hQ\ fԙ\">̪ec4\0>p`\t~z><`X.\1%&F^O\\Z؅q\kpZ\\\\ihp1WdмW%H<H\\\k\\V\\d\v4JCX\P/ӟ\"j6۹E(tlh\|:؆gbޅ\zcg&U\D\0K\Y\wYP\0G<9*\}\p7+{Ϫ$8?M<JΆ\pCf\\&\\~\rxEDdB\r ڡ\bn`eu7I\7\|]m&\e\ZƆw3\\,\\ZI\r,}\\\&N7\\z<->M\|F7\j\\\#\'_B\n,m\M\\?)G\dd8B\"\ GH! \1x\\\'@ǕD&`\\)vg4X$O&rS7=Yfx;x26 b\Z^>&F\\\󓾌`6T\\7\*NFJåq#Y\7挹LˢF\58f\n\чtQ\\Y\0\	䂢	xCE\Z\Zi\AfsV\'baܹ9TmvnevJ>m$B\#HE\nFT\<}\be냌\Z-%\	sD\\\'\}|	C\5:1B\5\Z\I.U7ߢZ2\0\0X*6|Oo\χl0\G0R-+.jx5D\\H\	\mo\KbF	\mFEay~b8\Z\;!\\r\ZpDsd2bOv$r\}:\\\\}{\"2L`[:\ZwB|Q!=\r;\.\Kb\Z460\N˱K\>G>Z3\\"Mq~\Z7\"Y2{\\EE\CT%)9pC\\\Kd\+,呚\\ZO(m]\nV\yBOB\88,>F~ݟ\\ \\nC\V9b4#\0do`COa:\/;2%\#\#~\Z$!Y\,\M\B-\ľj4U,TvY\]hЙPK\0ST_gмo\??\C~>&\\'\4%\.ş\"6\oёC:0\%r\'}\\k\t\\K\g*jl\0\rgE.O;%%\Z\E\Z\\\^yб\\\.U\\\\:~\Z-l?9hЫ\3ɂ/\'%l\\4\\?鮎8;\I~HP_?Cc<	\Єcd\6Ggj\\&R\\ކd*\\0}\\0ڛL\*3BmF:L}Be-q$,)A*6\'Yc9\Z!L\o\hh\19O_	^;DsBT\\$%\0Y>ĮVW==\r\r>-	<Vh\ǖ]ē8\Iw\e\N\[q\\ߒ\\:\-_Bsy\Zf\\\&]T\nGIG\+rkE\ZY;]	\\m+d/5\Ds>1\Z\MB-fiKBBQSE8\\[7bؓ\?C8\\\[\<\\p*E\Nl]yDŉ\Z><3៙%n\Ch\.	FZ](HN\\'0Θ\io\\%\uc3gEE2!O\ug\r9\HH3.\'ewۡг%\fi\\\\\`BV1\jmG#\0p!4Apil$5bПDPJ.aF	\"Yѡ\%\"\"\tcԽ2\'\0*\r\+1Cϟ\\\\\r\0\\y>E\^\xg\\\K[2*%\KIؓtLMJv\x\!\aHw\b<\9QhKI,p6m\0o\q4v\\\ ׶LS\41(lC\\\\<\\D4g`(\c۱+|%\?\\ƽ4h\\\t\\?P\0\0\WB8ĺ<	{&rąxX&a	a\:89xFZ}\Z-)D\VL\\\\\qgB\/\0!3\2WA\\rb\ZbctžM1r%*O,I#]PO\<[\8$I#\-%Y\\\\\<`Lg|ri3f/\"\\5L	`$\Ob>Ę\NDQ\>\K\\\<ˌa\0:cb63i\\	Q\Zl\D\B3XDCB\rlC\x+\\ CF\0\Z&4ѕp(t\0\\$=l\윈\l<2?d\y/\0N\\dɾ\%o\EO\	!	\n	>Ĩ/%~&\\+0\m\rhf7BLdcF )gk#bξ\r9/\錄*b\7\m2h\\\\?\z0i\A\6\7\	\\d?\\\0^2kpY:\Z\`H1,h\BLD}2\Jsƅ\rƽg:\F\d^\	D\\жma?\\\W\B\tr,\ .JC\M\j̼~f\+Z\aK!^hTch\\\ȃ끼&~\\ߋh\g\\';\Z\J\'\\`!/\"\_\,`M6ON\ɕ-\R\\\d\\͉\YJǹD->n?ׁf.=&/44MѴc\˝\\"Ъ\\"\×_+rL\aoDCSk\6g\[Cs\r\?\r,֎ǳ\ﱵ\\yF<<	5))\/B&\	S\I\\!~1Q\-k\"\\\"ʝ\"\'\\O&\*c)0޻\\E3\*\1\;\M`\\\\n0\/\\GC\\ĕSCE¦\lA	\*#0Vo\z+6\4A(\'\ik\%#cӧ\P\擢3.L_B[\'\\\B1(>I\ĭ}uo饯\0bc-:mn\\\\Nz<\n9rc2$\\Y1Cv\n\\p\BzB\C\B\\I\j\n\m.F\gڤi\(})6_lJiCI7^*\ɋ\QP\"hֆ\\c,&\\\\?	\\	\HA-r%x2*-\	l\I\f\%Q	\&sa\+2\D١/o,X`cxMF\2I\jql~̒%A\ʖ+62\ZE:;\\IX\Omy8d\<\"d\"P\\rb\oI\\_QC9f\04q\'\ț?в~\~\\&FDOFz8 [	\r\ZZBw\\J?\\QY\U$qHZf\cۆ^]\'\%<:3y,\)L\{\\\vn	b^$BU\0\?\\r8\fZ#̘\a7/$\\\VY9Y\'$}\\.zy9\\C^	\rc9&ϣJ\\/\oЩ25g	1G\j\#X\\$ Im\"\\,o\_f}ؚ\\T\\y*m\\n*\\!B\G\ܿOb4kZ\c$\\"\GY\y\(\SͣMp\'Y%h\Cu<\hX)n \\"UHB4\ruD\\\*,dL!-n! \\KC_~\8X\9XD8ѿ\l.+\$J\[\\\v7fo\\\O+m;Q\F	\HԢ\ZŴ΍D:)p\\\rt8Y\Zd02\\z47\ZcFS%&;o\ͅQ\|<w6.R\m>msfd\c\\\\&q\,zr!#ӱM;\<0E4L\A/iF)˂\1TQ\\*4l+\E\?YkNk\VƁ!d\:\Zlzρ\'\')U\m$JF\\z(\Zf\ڌ\\G \/pAS?hn\\ig\[fй\s=`6\\/Pkpjy\t\\\>|pPC;ɧY\\\'j\8\	\\.OCΫ0$+Ld\_cs\\\\\q\y\\(?b5rDHhJ:\\}6S\'RLͪ.\08<8c\/o2\<\j\GD\,!pd\\rrf\|<\mk\V\<Ag.ȖH+u6y\g\\'#\\\b*G\oZ\"pʭ_?	Dim\^\\\\Zþ6\\AHaDh\	\hB\#mѻ\~\\j-EF\2O+2cl5)-ODv/2m\n\\	(8*b\'m\rFW+O\F,N\rœo\\I\߆\#\S+\\\\ؐү%\(\\b\Z[h|JR٥pm#7K$O`\׻_\r.dۤ\r&[1fp\IZ\=)pi$\0НtbRnc\'	\\sI!G\0\\"R*3Wwx:iQF\\a\T#\ry9\$pTF|\)$Kl[n7bțXkw\\\O\\F<!*\<va	4#M\\\e\"*ݝ\n;(\\.\:R#+uQz\Ry\M(djl)\\ze/\\	H\ȥ\b\UO0b#W)GF*\ \ypXm\'[k\R;L\\\\\	\\\r\M\cyf,C#a7\tdy;U\RKx\\\%V%k#\'.MUE3\̓J7\ɶ&_F\rRo2wj\\Tj1$/Hz2FgsNǖo%Tl\\,$#\\y4\\\\}\w\rm\rS̻\\юȜU\dx7ᬍN\M^\OY`\³[,++i\ra\q=hc捖\\,g\Gf\I	U\=5\\\h7G>\\#\\[E,*{֗$XK_cfc6\\\\\La\SO0L&\&oH\iyz#HsPW	12%~C_a.\Pb7rNZ\\іm\&Es\D\~\r\O;-P{\rV\3g\\ZCJ7]\}220+\hh{`i&OH\\\rϱI=oX\3\0by=c`e=:	jy\\Z)>\\r,QM\h:\?\o\0\sRR\h,lL\'T\\_$B&YlQ\\n;h\3\N$\VVW\\Q4Y(Z\;[-\AgF ʹ\2h\oNr,!M\\k\\m|V!J˘\.X\ȑhAC%o\c)pl:ѱd;bD\:/n4-,m\"\V\N\\:gbi6ʷd\'-\z-硳[p2jA4\0\xrF\cˢK\QYn\C\B`\%3h\&\\7M\f\\\Ѡ\dn\t%RlȆ\\)C>n2E\2-\r_fkcE\)f\aY_GhH\1&a!}d\\r\CE\\id-t.ʂ[ȜLY\'n\\m\_Cn{c:8.L2\\?C(\\\\*IؤAfel\?:̟W\0\\GY)G2/A+~J^%\>ėTP]\\SUl\dRۃZ\M\\+cM(P}F_;3-#~>\{/#VU\"\X\0\B\H\\"\Fu\\"\\ZmL(Z\\e`Q!+hn.	Z`/<\\2\\S\:5\\h1&	.J\n\Z\i)cBӫ*\7\!\F\\0OF^\\SХYb\\Z\Srߦ-&\+A`\cdZ\\06\૦Y\	ݳqNM\r\ĉr:F\\A\G\iؼ\D4 5(/̥\;r\'\ɗx-ktޞ_f%KblbR<||\\\\m8үEZ\M\\\rЌ4(QZ//7\\\	VP\ZL\B%U֍gbW\i\"\te\\Ck8m\L#(l|#\M7yl$0vM\n\rX\k)\c\v=6\"x?pS\\L\\(ӷPqay	r\,Ӫc~\\\<6#\ׁ1xn\\Zw8B#Pߒ\Ǒ1ҡeu*\ZYgR\kH\\\|\`\ez\Z]F\Z9\k&$f\I\\Qde񁱜.Iadlj\An<\\r<\'\\1\\j&Ǟ\sWeY?\\fԣc\mX2lb\/!(`\19g鍢\h\k\\?Gl\V7rO5p^\\,ʚcOFI%\\F\l!\\ォ0\\<\6eh_f/V\\[|l^\ge\0J{N4]S\\C~M덉\c8i]`(I\z\{,طu\CjP\O\PbI\r\cF!\6\M\\\(rѹ[,\ǌ\şp\_Dv1R\:R\FC5t%V\8dI\r=L	𒙆\T/_ɜ\r.O\0OE1wȧMVn ]\ͱM\\~#a\\d^M\'\\\Е*N8[OCK[|TS3{н\\̎o\%v,I\\w\E\\kR;BCee?׳\r\`w\Ɋ5t#D^%\ױ\Z\2\\\޵2\\\ОG\\BQm\\\8L\ӣ<\s\ÂghH\!\X\e\\"\Sٍ)6Vg\'2&K\B!\TF&JzUDAE\U	/E\N\H17Їfx2C\6K\\yo\kn\0Q+BR\\/#C\rg\a\67}#-\\њ\C\\_b\'cҢ\59h\\\\\02O}\\\\.v_5S\\\h\Dr?=*!S\ِit4ܟ_\S\2?\顯?\C#\i>)5ca\l\Pg0=d\XMm\'\Z\\ i-Ns\"6 axۘD܉ؓ\ƅ\rItaa\^ϱyáa\\b(\\"Y?>M%ZQ\[]wd˙fs\j\\OcZQRklቱM+\C\PN`n\d=y\'}\4\j2N	\ֶ\"am_c9w\\`w\c?\'\AQ!\'0\?K\\\bt(\\`K\\\5u&2\&4OHX\\"q\r/F\\Zb\\T\!\I\\QD\3f\r1xfI\VWB~|<\\yh|L\cXߤ1)\\ыy[\"\'IhO]\|3\#]\g3\\y9\B 6Ȋ\Ic^\BI\\"i\ڷWXoA\Z,ɟk\6\'ٔQ߅#.\ZLj*K\\L!x6MR\\ϲv}ѾMV5GM4+0Q؆aXB\m	>r\\6s0\Z\\\4;OU/\\b0\<\S![C3yhl\,F\p6\߲4(6\\\4l<l\F\[\~cܑG!hTI >\\ge^(\\n\j[+\\$ka.g)\8)p#a[\Zu.\\	\e^MI2a eYd\:݃1X;.K\\ljg}	Hf\g~Dkniv^Y3y	\\{Niq\rb\lN\3e\\6\#9-\#J?ckr9K\ZV\"țP&\\rOy#6lhU\I4Iz:\\p>0\e\B\چ\`j-\"\Z\\\\F1\Ӄa\"\\5?1ѫ*\\Gt<1aD^FN\ЦC&\8|ɑ\\\,Į$5\r}\f6<T\\ߍof\\>Ǯ\evj\\\%~[6R\\ѧ-\u\&\K&\rГ\\<][\({f}[\\潐\r\B\ň\\˕*6\\ӯ\f֚\:F&\Y&\]>\9\\\*Z1Bpx8Dǘd)cP\c*C\'^B\Z\\9%[\Z\No/-[\bG\y\|l\\n\\߃i\\ZWF\$*W\$\{6\\KfKpآ0b\\	\\\\P¶	:%~\Z\\<\\\\[gJ\&zk蘗9iN\|\\̓9TvŴ54*M#Lj{\Zc`\\{{`iA2?\\b\Ɣz$\\,,Az4Fn\Y\Jl\m\'z\0P3\\'c_Zɓ8\\ѥd\[Cd<Cڜ\G\\\8	մWu#TM9\D5LIA\İm-btu(\w\r&j\0\6K\\W5\~D9\b.\ob\\'f\![<Q\'\"\Q07Bmrq&j\p%~d\Q<9\0#\\O헿C,\8\rE\4:/\n!GGhzY\r\Yy(\ (蛻2\c6:U\F\]`qW\&T\\\&`\D\yP	И&\bj\yi2K.`\#N̴Dx2!\\LA;8\Os\\\nۑx,(m\r%u6~E\C\50k\\@\4\\.\rBI;ؖ.囡\()\=\bƴaco/Evѭso#\-ocp\MD`w+:HEez<϶\r\^=\r\C%O&Iɚ8/ȵ\#\\Z_D\bO\\\R\ȅ\&v2Нt&\H7ɞ=61(\'\$\!Hs&uN}M,\춤L?Bu`.\'K\[&C	rC8,\r^j.\{\r\\I\'\\Г?h\ۃ@m\/fP\&\\\sh\\W\\Z\Fȩ\n\61\el\]\\EΎŏxei˼4i=\%mCH1ia~[cV\4=I\Z\\"\\j\\fVXlKGE&ĩ\И\kuE3\'\"L[\dFb\iG\r8m`W9\n~V`z\\0ۢ1ẆT\6)8\	v\ĳZ 8\\0\\*P\\i1\}p\\n\䳶\\w\y\\\\m\\<\ZU\Pކ\\\"?E\=\\\dU\\\Tİ\"\"&YT5n\K\L\LKT\~ņg\'\\V\VD\&\Y,rG}:$5rr)jx,Ȳ\4&C\dK̺Z\\X\b\b\'ʟhA\\-4Q4V\[g\Rذ{06\M*cɕ\b\}\\8\Lc\рFj$Vc؛\Ryc6p3\\G!\6\'@\\ǆ\1\\}\6V@X\<dQ\'b\\\e\\"\%n1\"*\rl{D\=]ԃxv]\\\\'6\a̱\No~\4?C{\が*\\zAb\\r\\lw,{:OMe]0-\r+\도H߁:+\<fZƜN\3F\CHq\\J7P\BoPN\/\0F<bJ\J>Ɲ}cu5)r\n\"O$5\\Bl\\rщ\/d|0\2^žK#U\gfA\'p\"%e\\5ז%V\D\D$\\7\z\\\\\rm\<\>\\Md\m2`]\'x\'\<{\}jCu\̩!5&C\.\\CI\r	u\\r(̒\+b2o:$\EO\\S>\C\\]\G!\d˦7<\r?\jt\c$?d,da\J\\dTu%D\ؔ|r\	ְd\T\c_aφl\*\09Ms\\øoC6Tk\6\!ؼ\\.G?KBF)Je|xxKAR4\nA\\iiRx2\/&\kߊ[B6\\r\)HEq<.>ĝ\5p1.&cf%9cU\:}e$\\\\9\|p\,\B$JFir<\Z3~Y!ie+y<1\F8&|\r|)\S$lR\0c\)s\'ak֞I\%3\\\4|\"\"*CbK.\mPW	\"\\R匒ٙXiNP̚30C\xb\\ףd\UA$x9O[)khbBTA-X\ў܇l\\vy>23RD\BM\\\)]D7\ \Me\\e39\\E\\&vǶ\,eT\\1j\\\RlklQd۟f\r?!F\w&<\L\4\x}+yflOB\V$\m2M\#F -IlRvV\\HCJ\1r\/~\\Tܓ_\\xB\\'{C\ح7GA\m-䖏R,7f^.ӵ58\=&SLpg\!I\\*e|j\ZiDgMA@d\t\t/z9\Z\oDɓ*M=\]<U1\\"	4\sJ8@э$:\Z\alL[q\O\kI[Il\rZ$Uձ\\\Z+\\6Z	\\#DbxaDae(3ɍO^Ge7\2#ʚ7}\:\{D\+ )mo/B\\\֋w\\Z=F\뇣N\ݧ~ \!\U1Ysn.\_CF\rZfކWT\bO;\\zEvw1\Z|\Z\0/h`	&\r&`X&BJ\D\IP\yՙdK\n\ol*\$Z:\oLds=3&P\MЩ+o=6\\\ѪkM$ڸ$%jF\hC8\c\\n\\0<h\1\D9>:\~>4\軁B\fa\"쒘]\\\)XH3SΕ\ck\\(\aY\o\П	\\0Kay;\iU\1\\r߂<og\"M\\j\!\\'Cm\1\"X:\ \\\L\UK\F\ #\3\'P\f\g\\"O\ƈ35\rݢ\lBM+ҍ\"2\Q\S\B\aY&\\쭂ϱ\-\r.X\I,ռUBC\{Cq\E\.\coJ\"d\=ȥxm.j\r\u2xfٍhB\\Z\eОMRe\Iqy1	E:f+\l6M\WY]*\O>D{\Z0*zH\<\)-\\)p\j\rx\ZaJ\ٹ\	f\rk!!ׁ\Yl%Ϡ\% $\mrI>N)$&n\cLX7\yY\~~+ɔIaLh\h^Tm\Ev%\\U19 \7\\Kr\\ar?b1	\2e\.5\X`Xإ3|\r f3\U:XK\\\w\mí\'0\8\"!reo.`;YXdi)ș2^\H{[\I<Fشwpky3lw;\Zb\\%(\m<\\Ja\\\0\s\{MV\g\\9j I\"˦~\\\\S#q+Xح(\S+$k&dzE\_^E$\U#%\\hK#Lw@\\F\3ݯ	\<!vU\ѤlK\\>)\c}=p%J<TJm\Tj5[\!k2\M\C3\hF7\\Wl\0f	>QɩLY\ۚ%Ѯp>2>4\'\^˻6lIQbMJѽ	\\K	\\=KYZarKf\C`[5VNA˺2M\=\\B\{o#|Dm\Sap\iȌQu\	MV\\­7\\\]\ryTo>ES\c=\"t\5\P-̐6f`Z2`kn2\=\vCt41\"g\&22N\\\llQ\\\K\ѤPmcتkC_Cϒg2o#\\GExRd\\I\l)*cK3\4	dV<\h{M4O_Óp&9.M\D\+C\'DG;.\Z%:D3~\"̬E\2p\%rY\cwD\.-yfP\\Z\c˘\}ab\c\b*\\\yס\y6%ѕ=%\54=OKk\Zd\El\e\yL<\\^\KjͧL\\\\\nmvakDp\BFfW\\Z{\ZT\\ZY\\\3fI.a!\K\"*\\\#z24\\X?ǴG\}\Z\5\2J,t]p\\\\\щ4ȱPˑrE)6DE\Y\cj1s\\\˱\\\'d%\Q4\pYZ{\X\\l\\据f\l\\e(Mf<\O.~\2s:O\\'p\7T=\1oBz\\m\96ZtشI,ۻz\g8_Lx:GW+\"d		koF	`AIЕ\/R\\[PK]\n\\'.%\Fg.-=hIyr>\Z\Cw\iL\&\"M\Kx\̽k\\œ\J/b|b\M\rKB\\]\\^D\o9n\\\\<ބ&>Ɲ\Ɵ#}FMi\"+<\\\"S<\ra\>!mRnɉ5of!\$yד]\r=_ʹbD\#\X9p\_\'?\SFG%d\X\\KWxlr\\\CZ%g*$ZE֔O\A\DǓ.t\'75\LH|yJJ\\r\9\\ZX#\f%n\!l\L\7loH-\\,m>f\r%Yg\');
/*!40000 ALTER TABLE `users` ENABLE KEYS */;
UNLOCK TABLES;

--
-- Dumping events for database 'eam_2016'
--

--
-- Dumping routines for database 'eam_2016'
--
/*!40103 SET TIME_ZONE=@OLD_TIME_ZONE */;

/*!40101 SET SQL_MODE=@OLD_SQL_MODE */;
/*!40014 SET FOREIGN_KEY_CHECKS=@OLD_FOREIGN_KEY_CHECKS */;
/*!40014 SET UNIQUE_CHECKS=@OLD_UNIQUE_CHECKS */;
/*!40101 SET CHARACTER_SET_CLIENT=@OLD_CHARACTER_SET_CLIENT */;
/*!40101 SET CHARACTER_SET_RESULTS=@OLD_CHARACTER_SET_RESULTS */;
/*!40101 SET COLLATION_CONNECTION=@OLD_COLLATION_CONNECTION */;
/*!40111 SET SQL_NOTES=@OLD_SQL_NOTES */;

-- Dump completed on 2016-01-27 13:17:32
